c_personid,name_chn,name_rm,surname_chn,given_name_chn,birthyear,deathyear,is_female,dynasty_code,dynasty_chn,dynasty_en,role,bridge_tier
3036,錢鏐,Qian Liu,錢,鏐,852,932,0,11,吳越,WuYue (10 states),bridge,B
3129,張九皋,Zhang Jiugao,張,九皋,690,755,0,6,唐,Tang,bridge,C
3130,張九齡,Zhang Jiuling,張,九齡,678,740,0,6,唐,Tang,core,
3332,韓愈,Han Yu,韓,愈,768,825,0,6,唐,Tang,core,
3409,黃巢,Huang Chao,黃,巢,,884,0,6,唐,Tang,core,
3480,李吉甫,Li Jifu,李,吉甫,758,814,0,6,唐,Tang,bridge,B
3605,柳宗元,Liu Zongyuan,柳,宗元,773,819,0,6,唐,Tang,core,
3685,歐陽詢,Ouyang Xun,歐陽,詢,557,641,0,5,隋,Sui,core,
3702,皮日休,Pi Rixiu,皮,日休,834,883,0,11,吳越,WuYue (10 states),core,
3789,宋齊丘,Song Qiqiu,宋,齊丘,887,959,0,10,南唐,Southern Tang (10 states),bridge,C
3840,狄仁傑,Di Renjie,狄,仁傑,630,700,0,6,唐,Tang,core,
3915,杜甫,Du Fu,杜,甫,712,770,0,6,唐,Tang,core,
3927,杜佑,Du You,杜,佑,735,812,0,6,唐,Tang,bridge,B
10649,劉三復,Liu Sanfu,劉,三復,,844,0,6,唐,Tang,bridge,B
11524,劉晏,Liu Yan,劉,晏,716,780,0,6,唐,Tang,core,
11605,蘇頲,Su Ting,蘇,頲,670,727,0,6,唐,Tang,core,
11965,王通,Wang Tong(2),王,通,583,616,0,5,隋,Sui,core,
12236,徐鉉,Xu Xuan,徐,鉉,916,991,0,10,南唐,Southern Tang (10 states),bridge,B
12259,蕭瑀,Xiao Yu,蕭,瑀,574,647,0,6,唐,Tang,bridge,B
12261,蕭嵩,Xiao Song,蕭,嵩,670,749,0,6,唐,Tang,bridge,B
13059,李淵（唐高祖）,Li Yuan(Emperor Gaozu of Tang),李,淵（唐高祖）,566,635,0,6,唐,Tang,core,
13060,李世民（唐太宗）,Li Shimin(Emperor Taizong of Tang),李,世民（唐太宗）,598,649,0,6,唐,Tang,core,
13575,張籍,Zhang Ji,張,籍,766,830,0,6,唐,Tang,core,
13624,權德輿,Quan Deyu,權,德輿,761,818,0,6,唐,Tang,core,
13626,李元懿,Li Yuanyi,李,元懿,,,0,6,唐,Tang,bridge,C
13628,李夷簡,Li Yijian,李,夷簡,757,823,0,6,唐,Tang,bridge,B
13629,李宗閔,Li Zongmin,李,宗閔,,846,0,6,唐,Tang,bridge,B
15161,李德裕,Li Deyu,李,德裕,787,850,0,6,唐,Tang,core,
15353,賀知章,He Zhizhang,賀,知章,659,744,0,6,唐,Tang,bridge,B
15610,魏徵,Wei Zheng,魏,徵,580,643,0,6,唐,Tang,core,
17029,方干,Fang Gan,方,干,809,888,0,6,唐,Tang,core,
17130,房玄齡,Fang Xuanling,房,玄齡,578,648,0,6,唐,Tang,core,
17137,房琯,Fang Guan,房,琯,697,763,0,6,唐,Tang,bridge,B
18636,許敬宗,Xu Jingzong,許,敬宗,592,672,0,6,唐,Tang,bridge,B
19214,蘇味道,Su Weidao,蘇,味道,,,0,6,唐,Tang,core,
19241,李治（唐高宗）,Li Zhi(Emperor Gaozong of Tang),李,治（唐高宗）,628,683,0,6,唐,Tang,core,
19242,李顯（唐中宗）,Li Xian(Emperor Zhongzong of Tang),李,顯（唐中宗）,656,710,0,6,唐,Tang,bridge,B
19243,李旦（唐睿宗）,Li Dan(Emperor Ruizong of Tang),李,旦（唐睿宗）,662,716,0,6,唐,Tang,bridge,B
19244,李隆基（唐玄宗）,Li Longji(Emperor Xuanzong of Tang),李,隆基（唐玄宗）,685,762,0,6,唐,Tang,core,
19245,李亨（唐肅宗）,Li Heng (Emperor Suzong of Tang),李,亨（唐肅宗）,711,762,0,6,唐,Tang,bridge,B
19254,李忱（唐宣宗）,Li Chen(Emperor Xuanzong of Tang),李,忱（唐宣宗）,810,859,0,6,唐,Tang,core,
19756,李惲,Li Yun(3),李,惲,,,0,6,唐,Tang,bridge,C
20876,楊炎,Yang Yan,楊,炎,727,781,0,6,唐,Tang,core,
20879,沈詢,Shen Xun,沈,詢,,864,0,6,唐,Tang,bridge,C
21187,杜黃裳,Du Huangshang,杜,黃裳,738,805,0,6,唐,Tang,bridge,C
21194,杜牧,Du Mu,杜,牧,803,853,0,6,唐,Tang,core,
21751,段成式,Duan Chengshi,段,成式,,863,0,6,唐,Tang,core,
22057,王勣,Wang Ji,王,勣,590,644,0,5,隋,Sui,core,
22436,楊於陵,Yang Yuling,楊,於陵,753,830,0,6,唐,Tang,bridge,B
22451,韓休,Han Xiu,韓,休,672,739,0,6,唐,Tang,bridge,B
22469,李翱,Li Ao(2),李,翱,,,0,6,唐,Tang,core,
22559,楊汝士,Yang Rushi,楊,汝士,778,844,0,6,唐,Tang,bridge,B
22560,楊虞卿,Yang Yuqing,楊,虞卿,,835,0,6,唐,Tang,bridge,B
22572,楊憑,Yang Ping,楊,憑,,820,0,6,唐,Tang,bridge,B
22793,虞世南,Yu Shinan,虞,世南,558,638,0,6,唐,Tang,core,
24412,李商隱,Li Shangyin,李,商隱,813,858,0,6,唐,Tang,core,
24645,武三思,Wu Sansi,武,三思,,707,0,6,唐,Tang,bridge,B
24654,武元衡,Wu Yuanheng,武,元衡,758,815,0,6,唐,Tang,core,
24655,武儒衡,Wu Ruheng,武,儒衡,769,824,0,6,唐,Tang,bridge,C
24691,馬燧,Ma Sui,馬,燧,726,795,0,6,唐,Tang,bridge,B
26935,姚崇,Yao Chong,姚,崇,651,721,0,6,唐,Tang,core,
30846,康駢,Kang Pian,康,駢,,,0,6,唐,Tang,bridge,B
30851,高適,Gao Shi,高,適,700,765,0,6,唐,Tang,core,
30864,杜如晦,Du Ruhui,杜,如晦,585,630,0,6,唐,Tang,core,
30868,杜元穎,Du Yuanying,杜,元穎,,,0,6,唐,Tang,bridge,B
30885,王福畤,Wang Fuzhi,王,福畤,622,,0,6,唐,Tang,bridge,C
30886,李密,Li Mi,李,密,582,618,0,6,唐,Tang,bridge,B
30938,褚遂良,Chu Suiliang,褚,遂良,596,658,0,6,唐,Tang,core,
30976,張薦,Zhang Jian,張,薦,744,804,0,6,唐,Tang,bridge,B
30977,張又新,Zhang Youxin,張,又新,,,0,6,唐,Tang,bridge,B
30978,張希復,Zhang Xifu,張,希復,,,0,6,唐,Tang,bridge,C
30982,王勃,Wang Bo,王,勃,650,676,0,6,唐,Tang,core,
31042,韋安石,Wei Anshi,韋,安石,651,714,0,6,唐,Tang,bridge,B
31046,韋抗,Wei Kang,韋,抗,667,726,0,6,唐,Tang,bridge,B
31066,長孫氏（李世民妻）,Zhangsun Shi(Wife of Li Shimin),長孫,氏（李世民妻）,601,636,1,6,唐,Tang,core,
31068,長孫無忌,Zhangsun Wuji,長孫,無忌,,659,0,6,唐,Tang,core,
31082,韋嗣立,Wei Sili,韋,嗣立,654,719,0,6,唐,Tang,bridge,B
31088,韋濟,Wei Ji,韋,濟,688,754,0,6,唐,Tang,bridge,B
31103,婁師德,Lou Shide,婁,師德,630,699,0,6,唐,Tang,bridge,B
31110,楊炯,Yang Jiong(2),楊,炯,,,0,6,唐,Tang,core,
31143,駱賓王,Luo Binwang,駱,賓王,627,684,0,6,唐,Tang,core,
31158,蘇晉,Su Jin,蘇,晉,676,734,0,6,唐,Tang,bridge,B
31162,王紹宗,Wang Shaozong,王,紹宗,,,0,6,唐,Tang,bridge,C
31175,楊師道,Yang Shidao,楊,師道,,647,0,6,唐,Tang,bridge,B
31220,楊珣,Yang Xun(4),楊,珣,,,0,6,唐,Tang,bridge,C
31221,楊國忠,Yang Guozhong,楊,國忠,,756,0,6,唐,Tang,core,
31222,楊玉環,Yang Yuhuan,楊,玉環,719,756,1,6,唐,Tang,core,
31275,宋璟,Song Jing,宋,璟,663,737,0,6,唐,Tang,core,
31303,李元嘉,Li Yuanjia,李,元嘉,618,688,0,6,唐,Tang,bridge,C
31312,李靖,Li Jing,李,靖,570,649,0,6,唐,Tang,core,
31321,韋元旦,Wei Yuandan,韋,元旦,,,0,6,唐,Tang,bridge,B
31322,陳子昂,Chen Ziang,陳,子昂,661,702,0,6,唐,Tang,core,
31367,崔融,Cui Rong,崔,融,653,706,0,6,唐,Tang,core,
31368,崔禹錫,Cui Yuxi,崔,禹錫,,,0,6,唐,Tang,bridge,B
31369,崔翹,Cui Qiao,崔,翹,,,0,6,唐,Tang,bridge,B
31407,張說,Zhang Yue,張,說,667,731,0,6,唐,Tang,core,
31413,張均,Zhang Jun,張,均,,,0,6,唐,Tang,bridge,C
31453,席豫,Xi Yu,席,豫,680,748,0,6,唐,Tang,bridge,B
31462,姜皎,Jiang Jiao,姜,皎,663,722,0,6,唐,Tang,bridge,B
31542,盧藏用,Lu Cangyong,盧,藏用,,713,0,6,唐,Tang,bridge,B
31552,薛稷,Xue Ji,薛,稷,649,713,0,6,唐,Tang,bridge,B
31558,薛曜,Xue Yao,薛,曜,,,0,6,唐,Tang,bridge,C
31560,宋之問,Song Zhiwen,宋,之問,656,712,0,6,唐,Tang,core,
31561,宋之悌,Song Zhiti,宋,之悌,,,0,6,唐,Tang,bridge,B
31575,李嶠,Li Qiao,李,嶠,645,714,0,6,唐,Tang,core,
31592,李邕,Li Yong,李,邕,678,747,0,6,唐,Tang,bridge,B
31628,岑文本,Cen Wenben,岑,文本,595,645,0,6,唐,Tang,bridge,B
31631,岑羲,Cen Xi,岑,羲,,712,0,6,唐,Tang,bridge,B
31640,武平一,Wu Pingyi,武,平一,,,0,6,唐,Tang,bridge,B
31847,源乾曜,Yuan Qianyao,源,乾曜,,731,0,6,唐,Tang,bridge,B
31999,裴休,Pei Xiu,裴,休,791,864,0,6,唐,Tang,bridge,C
32019,張弘靖,Zhang Hongjing,張,弘靖,760,824,0,6,唐,Tang,bridge,B
32054,牛僧孺,Niu Sengru,牛,僧孺,780,848,0,6,唐,Tang,core,
32061,韓朝宗,Han Chaozong,韓,朝宗,686,750,0,6,唐,Tang,bridge,B
32085,韋述,Wei Shu,韋,述,,757,0,6,唐,Tang,bridge,B
32109,崔玄亮,Cui Xuanliang,崔,玄亮,,,0,6,唐,Tang,bridge,B
32114,崔鉉,Cui Xuan,崔,鉉,,869,0,6,唐,Tang,bridge,B
32128,李適之,Li Shizhi,李,適之,,747,0,6,唐,Tang,bridge,B
32136,孫逖,Sun Ti,孫,逖,696,761,0,6,唐,Tang,bridge,B
32162,李華,Li Hua,李,華,715,766,0,6,唐,Tang,bridge,C
32165,李峴,Li Xian,李,峴,712,766,0,6,唐,Tang,bridge,C
32169,蕭穎士,Xiao Yingshi,蕭,穎士,709,760,0,6,唐,Tang,core,
32174,王維,Wang Wei,王,維,700,761,0,6,唐,Tang,core,
32175,王縉,Wang Jin,王,縉,700,781,0,6,唐,Tang,bridge,B
32189,胡皓,Hu Hao,胡,皓,,,0,6,唐,Tang,bridge,B
32198,沈佺期,Shen Quanqi,沈,佺期,,713,0,6,唐,Tang,core,
32202,李神通,Li Shentong,李,神通,,630,0,6,唐,Tang,bridge,B
32207,李璟,Li Jing(8),李,璟,,,0,6,唐,Tang,core,
32225,白敏中,Bai Minzhong,白,敏中,792,861,0,6,唐,Tang,bridge,B
32227,白居易,Bai Juyi,白,居易,772,846,0,6,唐,Tang,core,
32248,元稹,Yuan Zhen,元,稹,779,831,0,6,唐,Tang,core,
32400,崔造,Cui Zao(2),崔,造,737,787,0,6,唐,Tang,bridge,C
32404,蘇綰,Su Wan,蘇,綰,,,0,6,唐,Tang,bridge,B
32430,顏師古,Yan Shigu,顏,師古,581,645,0,6,唐,Tang,bridge,C
32534,李林甫,Li Linfu,李,林甫,,752,0,6,唐,Tang,core,
32540,李白,Li Bai,李,白,701,762,0,6,唐,Tang,core,
32562,苗晉卿,Miao Jinqing,苗,晉卿,689,765,0,6,唐,Tang,bridge,B
32575,蕭昕,Xiao Xin,蕭,昕,699,791,0,6,唐,Tang,bridge,B
32583,岑參,Cen Shen,岑,參,715,770,0,6,唐,Tang,core,
32593,杜審言,Du Shenyan,杜,審言,645,708,0,6,唐,Tang,core,
32641,崔邠,Cui Bin,崔,邠,754,815,0,6,唐,Tang,bridge,B
32644,崔鄲,Cui Dan(2),崔,鄲,,,0,6,唐,Tang,bridge,B
32672,元載,Yuan Zai,元,載,,777,0,6,唐,Tang,bridge,B
32683,杜鴻漸,Du Hongjian,杜,鴻漸,709,769,0,6,唐,Tang,bridge,B
32694,賈至,Jia Zhi,賈,至,718,772,0,6,唐,Tang,bridge,B
32746,李蔚,Li Wei,李,蔚,,879,0,6,唐,Tang,bridge,C
32760,李絳,Li Jiang,李,絳,764,830,0,6,唐,Tang,bridge,B
32785,陳京,Chen Jing,陳,京,,805,0,6,唐,Tang,bridge,C
32822,韋應物,Wei Yingwu,韋,應物,737,,0,6,唐,Tang,core,
32847,李泌,Li Bi,李,泌,722,789,0,6,唐,Tang,core,
32873,段秀實,Duan Xiushi,段,秀實,719,783,0,6,唐,Tang,bridge,B
32889,元結,Yuan Jie,元,結,719,772,0,6,唐,Tang,core,
32917,獨孤及,Dugu Ji,獨孤,及,725,777,0,6,唐,Tang,core,
32937,獨孤朗,Dugu Lang,獨孤,朗,775,827,0,6,唐,Tang,bridge,C
32940,獨孤郁,Dugu Yu,獨孤,郁,776,815,0,6,唐,Tang,bridge,B
32980,令狐楚,Linghu Chu,令狐,楚,766,837,0,6,唐,Tang,core,
32985,令狐綯,Linghu Tao,令狐,綯,,861,0,6,唐,Tang,core,
33026,崔國輔,Cui Guofu,崔,國輔,,,0,6,唐,Tang,bridge,B
33062,哥舒翰,Geshu Han,哥舒,翰,,757,0,6,唐,Tang,core,
33104,皇甫鏞,Huangfu Yong,皇甫,鏞,760,836,0,6,唐,Tang,bridge,B
33148,鄭珣瑜,Zheng Xunyu,鄭,珣瑜,738,805,0,6,唐,Tang,bridge,C
33153,鄭餘慶,Zheng Yuqing,鄭,餘慶,746,820,0,6,唐,Tang,bridge,B
33158,鄭澣,Zheng Huan,鄭,澣,776,839,0,6,唐,Tang,bridge,B
33485,李賀,Li He(3),李,賀,805,831,0,6,唐,Tang,core,
33487,李益,Li Yi,李,益,748,827,0,6,唐,Tang,bridge,B
33566,劉長卿,Liu Changqing,劉,長卿,,790,0,6,唐,Tang,core,
33588,柳公綽,Liu Gongchuo,柳,公綽,768,832,0,6,唐,Tang,bridge,C
33589,柳公權,Liu Gongquan,柳,公權,778,865,0,6,唐,Tang,core,
33606,劉禹錫,Liu Yuxi,劉,禹錫,772,842,0,6,唐,Tang,core,
33638,薛據,Xue Ju,薛,據,,,0,6,唐,Tang,bridge,B
33649,羅隱,Luo Yin,羅,隱,833,910,0,11,吳越,WuYue (10 states),core,
33651,盧照鄰,Lu Zhaolin,盧,照鄰,634,686,0,6,唐,Tang,core,
33705,陸贄,Lu Zhi,陸,贄,754,805,0,6,唐,Tang,bridge,C
33753,陸龜蒙,Lu Guimeng,陸,龜蒙,,881,0,6,唐,Tang,core,
33754,盧鴻,Lu Hong,盧,鴻,,,0,6,唐,Tang,bridge,B
33859,陸羽,Lu Yu,陸,羽,733,805,0,6,唐,Tang,core,
34916,杜荀鶴,Du Xunhe,杜,荀鶴,846,904,0,6,唐,Tang,core,
36130,項斯,Xiang Si,項,斯,,,0,6,唐,Tang,core,
43849,吳道子,Wu Daozi,吳,道子,680,759,0,6,唐,Tang,core,
91930,上官儀,Shangguan Yi,上官,儀,607,664,0,6,唐,Tang,bridge,C
91931,上官婉兒,Shangguan Wan'er,上官,婉兒,664,710,1,6,唐,Tang,core,
91939,釋廣宣,Shi  Guangxuan,釋,廣宣,,,0,6,唐,Tang,bridge,B
91973,馬戴,Ma Dai,馬,戴,,,0,6,唐,Tang,bridge,B
91975,王之渙,Wang Zhihuan,王,之渙,688,742,0,6,唐,Tang,core,
91990,王貞白,Wang Zhenbai,王,貞白,,,0,6,唐,Tang,bridge,C
92035,王昌齡,Wang Changling,王,昌齡,690,756,0,6,唐,Tang,core,
92047,王建,Wang Jian,王,建,766,,0,6,唐,Tang,core,
92050,王駕,Wang Jia,王,駕,,,0,6,唐,Tang,bridge,C
92061,王起,Wang Qi,王,起,760,847,0,6,唐,Tang,bridge,B
92076,王晙,Wang Jun,王,晙,662,732,0,6,唐,Tang,bridge,B
92079,王涯,Wang Ya,王,涯,763,835,0,6,唐,Tang,bridge,B
92084,王琚,Wang Ju,王,琚,685,746,0,6,唐,Tang,bridge,C
92109,王播,Wang Bo,王,播,759,830,0,6,唐,Tang,bridge,B
92120,王翰,Wang Han,王,翰,,,0,6,唐,Tang,bridge,B
92133,釋元孚,Shi Yuanfu,釋,元孚,,,0,6,唐,Tang,bridge,B
92136,元宗簡,Yuan Zongjian,元,宗簡,,822,0,6,唐,Tang,bridge,B
92147,釋無可,Shi  Wuke,釋,無可,,,0,6,唐,Tang,core,
92153,韋丹,Wei Dan,韋,丹,753,810,0,6,唐,Tang,bridge,B
92154,韋處厚,Wei Chuhou,韋,處厚,773,828,0,6,唐,Tang,bridge,B
92155,韋式,Wei Shi,韋,式,,,0,6,唐,Tang,bridge,B
92161,韋莊,Wei Zhuang,韋,莊,836,910,0,6,唐,Tang,core,
92177,韋夏卿,Wei Xiaqing,韋,夏卿,743,806,0,6,唐,Tang,bridge,B
92180,韋渠牟,Wei Qumou,韋,渠牟,749,801,0,6,唐,Tang,bridge,B
92196,韋蟾,Wei Chan,韋,蟾,,,0,6,唐,Tang,bridge,B
92246,釋文秀,Shi Wenxiu,釋,文秀,,,0,6,唐,Tang,bridge,C
92269,孔紹安,Kong Shaoan,孔,紹安,,,0,5,隋,Sui,bridge,C
92285,釋可朋,Shi Kepeng,釋,可朋,907,,0,6,唐,Tang,bridge,C
92324,盧言,Lu Yan,盧,言,,,0,6,唐,Tang,bridge,C
92328,盧綸,Lu Lun,盧,綸,,,0,6,唐,Tang,bridge,B
92366,盧肇,Lu Zhao,盧,肇,,,0,6,唐,Tang,bridge,B
92369,釋歸仁,Shi Guiren,釋,歸仁,,,0,6,唐,Tang,bridge,C
92411,包佶,Bao Ji,包,佶,727,792,0,6,唐,Tang,bridge,B
92423,陳褘,Chen Yi,陳,褘,600,664,0,6,唐,Tang,bridge,C
92446,司空曙,Sikong Shu,司空,曙,,,0,6,唐,Tang,bridge,B
92452,司馬承禎,Sima Chengzhen,司馬,承禎,647,735,0,6,唐,Tang,core,
92463,戎昱,Rong Yu,戎,昱,,,0,6,唐,Tang,bridge,B
92516,呂溫,Lv Wen,呂,溫,772,811,0,6,唐,Tang,core,
92533,朱可久,Zhu Kejiu,朱,可久,,,0,6,唐,Tang,bridge,B
92541,朱放,Zhu Fang,朱,放,,788,0,6,唐,Tang,bridge,B
92577,任敬臣,Ren Jingchen,任,敬臣,,,0,6,唐,Tang,bridge,C
92603,劉乂,Liu  Yi,劉,乂,,,0,6,唐,Tang,bridge,B
92608,劉太真,Liu Taizhen,劉,太真,725,792,0,6,唐,Tang,bridge,C
92665,劉眘虛,Liu Shenxu,劉,眘虛,,,0,6,唐,Tang,bridge,B
92673,劉得仁,Liu Deren,劉,得仁,,,0,6,唐,Tang,core,
92704,胡得生,Hu Desheng,胡,得生,864,943,0,34,後梁,Later Liang (5 dynasties),bridge,B
92743,許渾,Xu Hun,許,渾,791,,0,6,唐,Tang,core,
92751,許棠,Xu Tang,許,棠,822,,0,6,唐,Tang,bridge,B
92814,嚴維,Yan Wei,嚴,維,,780,0,6,唐,Tang,bridge,B
92864,李山甫,Li Shanfu,李,山甫,,,0,6,唐,Tang,bridge,C
92899,李百藥,Li Baiyao,李,百藥,565,648,0,5,隋,Sui,core,
92921,李陽冰,Li Yangbing,李,陽冰,,,0,6,唐,Tang,bridge,C
92959,李賢,Li Xian,李,賢,654,684,0,6,唐,Tang,bridge,B
92982,李紳,Li Shen,李,紳,772,846,0,6,唐,Tang,core,
92999,李適,Li Shi,李,適,663,711,0,6,唐,Tang,bridge,B
93013,李泰,Li Tai,李,泰,618,652,0,6,唐,Tang,bridge,B
93022,李頎,Li Qi,李,頎,,,0,6,唐,Tang,bridge,B
93025,李逢吉,Li Fengji,李,逢吉,758,835,0,6,唐,Tang,bridge,B
93063,李程,Li Cheng,李,程,766,842,0,6,唐,Tang,bridge,B
93071,李渤,Li Bo,李,渤,773,831,0,6,唐,Tang,bridge,B
93080,李頻,Li Pin,李,頻,,876,0,6,唐,Tang,core,
93088,李廓,Li Kuo,李,廓,,,0,6,唐,Tang,bridge,B
93093,李群玉,Li Qunyu,李,群玉,,862,0,6,唐,Tang,bridge,B
93096,李嘉祐,Li Jiayou,李,嘉祐,,779,0,6,唐,Tang,bridge,B
93103,李端,Li Duan,李,端,,786,0,6,唐,Tang,bridge,C
93104,李愬,Li Su,李,愬,773,821,0,6,唐,Tang,bridge,B
93139,楊巨源,Yang Juyuan,楊,巨源,755,833,0,6,唐,Tang,bridge,B
93141,楊氏,Yang Shi,楊,氏,,926,1,0,未詳,unknown,bridge,B
93187,楊敬之,Yang Jingzhi,楊,敬之,,,0,6,唐,Tang,bridge,B
93189,楊嗣復,Yang Sifu,楊,嗣復,783,848,0,6,唐,Tang,bridge,B
93208,來濟,Lai Ji,來,濟,610,662,0,6,唐,Tang,bridge,C
93220,吳丹,Wu Dan,吳,丹,744,825,0,6,唐,Tang,bridge,B
93246,吳融,Wu Rong,吳,融,,903,0,6,唐,Tang,core,
93297,釋懷素,Shi  Huaisu,釋,懷素,737,,0,6,唐,Tang,bridge,B
93311,沈亞之,Shen Yazhi,沈,亞之,,831,0,6,唐,Tang,bridge,B
93347,宋若昭,Song Ruozhao,宋,若昭,,825,1,6,唐,Tang,core,
93348,宋若憲,Song Ruoxian,宋,若憲,,835,1,6,唐,Tang,core,
93367,釋靈澈,Shi  Lingche,釋,靈澈,746,816,0,6,唐,Tang,bridge,B
93409,張旭,Zhang Xu,張,旭,,,0,6,唐,Tang,core,
93452,張建封,Zhang Jianfeng,張,建封,735,800,0,6,唐,Tang,bridge,B
93458,張南史,Zhang Nanshi,張,南史,,,0,6,唐,Tang,bridge,B
93476,張祜,Zhang Hu,張,祜,792,853,0,6,唐,Tang,bridge,B
93503,張諲,Zhang Yin,張,諲,,,0,6,唐,Tang,bridge,B
93520,張道古,Zhang Daogu,張,道古,,908,0,6,唐,Tang,bridge,B
93522,張諤,Zhang E,張,諤,,,0,6,唐,Tang,bridge,C
93541,張蠙,Zhang Pin,張,蠙,,,0,75,前蜀,Former Shu (10 states),bridge,B
93543,張濛,Zhang Meng,張,濛,,,0,6,唐,Tang,bridge,C
93544,張曙,Zhang Shu,張,曙,,,0,6,唐,Tang,bridge,C
93603,陳希烈,Chen Xilie,陳,希烈,,757,0,6,唐,Tang,bridge,B
93627,陳陶,Chen Tao,陳,陶,803,879,0,6,唐,Tang,bridge,B
93663,武曌（武則天）,Wu Zhao(Wu Zetian),武,曌（武則天）,624,705,1,6,唐,Tang,core,
93671,苗發,Miao Fa,苗,發,,786,0,6,唐,Tang,bridge,C
93707,林寛,Lin Kuan,林,寛,,,0,6,唐,Tang,bridge,C
93785,周賀,Zhou He,周,賀,,,0,6,唐,Tang,core,
93803,魚玄機,Yu Xuanji,魚,玄機,844,868,1,6,唐,Tang,core,
93832,鄭谷,Zheng Gu,鄭,谷,851,,0,6,唐,Tang,core,
93893,鄭薰,Zheng Xun,鄭,薰,,,0,36,吳(楊),Wu (Yang: 10 states),bridge,B
93894,鄭顥,Zheng Hao,鄭,顥,,860,0,6,唐,Tang,bridge,C
93952,孟郊,Meng Jiao,孟,郊,751,814,0,6,唐,Tang,core,
93956,孟浩然,Meng Haoran,孟,浩然,689,740,0,6,唐,Tang,core,
93963,孟簡,Meng Jian,孟,簡,,823,0,6,唐,Tang,bridge,B
94018,趙嘏,Zhao Gu,趙,嘏,806,852,0,36,吳(楊),Wu (Yang: 10 states),bridge,B
94051,南卓,Nan Zhuo,南,卓,,,0,6,唐,Tang,bridge,B
94055,柳淡,Liu Dan,柳,淡,,,0,6,唐,Tang,bridge,B
94073,暢當,Chang Dang,暢,當,,,0,6,唐,Tang,bridge,C
94109,皇甫冉,Huangfu Ran,皇甫,冉,717,770,0,6,唐,Tang,bridge,B
94112,皇甫松,Huangfu Song,皇甫,松,,,0,6,唐,Tang,bridge,C
94116,皇甫湜,Huangfu Shi,皇甫,湜,777,835,0,6,唐,Tang,core,
94160,姚合,Yao He,姚,合,781,846,0,6,唐,Tang,core,
94172,姚鵠,Yao Hu,姚,鵠,,,0,6,唐,Tang,bridge,B
94183,釋貫休,Shi  Guanxiu,釋,貫休,832,912,0,6,唐,Tang,core,
94185,秦系,Qin Xi,秦,系,720,800,0,6,唐,Tang,bridge,B
94204,耿湋,Geng Wei,耿,湋,,,0,6,唐,Tang,bridge,B
94220,釋栖白,Shi Qibai,釋,栖白,,,0,6,唐,Tang,bridge,B
94227,賈島,Jia Dao,賈,島,779,843,0,6,唐,Tang,core,
94237,顧雲,Gu Yun,顧,雲,,894,0,6,唐,Tang,bridge,B
94240,顧況,Gu Kuang,顧,況,727,816,0,6,唐,Tang,bridge,B
94262,錢可復,Qian Kefu,錢,可復,,835,0,6,唐,Tang,bridge,C
94271,錢起,Qian Qi,錢,起,710,782,0,6,唐,Tang,core,
94273,錢徽,Qian Hui,錢,徽,755,829,0,6,唐,Tang,bridge,B
94305,徐浩,Xu Hao,徐,浩,703,782,0,6,唐,Tang,bridge,B
94324,殷堯藩,Yin Yaofan,殷,堯藩,,,0,6,唐,Tang,bridge,B
94341,高元裕,Gao Yuanyu,高,元裕,777,852,0,6,唐,Tang,bridge,B
94356,高駢,Gao Pian,高,駢,821,887,0,6,唐,Tang,bridge,C
94371,高蟾,Gao Chan,高,蟾,,,0,6,唐,Tang,bridge,C
94373,郭子儀,Guo Ziyi,郭,子儀,697,781,0,6,唐,Tang,bridge,C
94412,唐彥謙,Tang Yanqian,唐,彥謙,,893,0,6,唐,Tang,core,
94427,諸葛覺,Zhuge Jue,諸葛,覺,,,0,6,唐,Tang,bridge,B
94475,曹松,Cao Song,曹,松,830,902,0,6,唐,Tang,bridge,B
94484,釋虛中,Shi Xuzhong,釋,虛中,,,0,6,唐,Tang,bridge,B
94489,常建,Chang Jian,常,建,,,0,6,唐,Tang,bridge,C
94500,崔日用,Cui Riyong,崔,日用,673,722,0,6,唐,Tang,bridge,B
94549,崔泰之,Cui  Taizhi,崔,泰之,667,723,0,6,唐,Tang,bridge,B
94575,崔塗,Cui Tu,崔,塗,850,,0,6,唐,Tang,core,
94576,崔羣,Cui Qun,崔,羣,772,832,0,6,唐,Tang,bridge,C
94595,釋皎然,Shi  Jiaoran,釋,皎然,,,0,6,唐,Tang,core,
94614,章八元,Zhang Bayuan,章,八元,,,0,6,唐,Tang,bridge,C
94617,章孝標,Zhang Xiaobiao,章,孝標,,,0,36,吳(楊),Wu (Yang: 10 states),bridge,B
94651,梁肅,Liang Su,梁,肅,753,793,0,6,唐,Tang,bridge,B
94691,蔣防,Jiang Fang,蔣,防,,,0,6,唐,Tang,bridge,B
94714,韓翃,Han Hong,韓,翃,,,0,6,唐,Tang,bridge,B
94717,韓偓,Han Wo,韓,偓,842,914,0,6,唐,Tang,core,
94722,韓湘,Han Xiang,韓,湘,795,,0,6,唐,Tang,bridge,B
94740,喩鳧,Yu Fu,喩,鳧,,,0,6,唐,Tang,bridge,B
94771,儲光羲,Chu Guangxi,儲,光羲,706,762,0,6,唐,Tang,bridge,B
94860,鮑溶,Bao Rong,鮑,溶,,,0,6,唐,Tang,bridge,B
94864,雍陶,Yong Tao,雍,陶,,,0,6,唐,Tang,core,
94870,竇弘餘,Dou Hongyu,竇,弘餘,,,0,6,唐,Tang,bridge,B
94871,竇鞏,Dou Gong,竇,鞏,771,830,0,6,唐,Tang,bridge,B
94888,竇羣,Dou Qun,竇,羣,765,814,0,6,唐,Tang,bridge,B
94901,綦毋潛,Qiguan Qian,綦毋,潛,,,0,6,唐,Tang,bridge,B
94935,裴坦,Pei Tan,裴,坦,,874,0,6,唐,Tang,bridge,B
94937,裴迪,Pei Di,裴,迪,,,0,6,唐,Tang,bridge,B
94941,裴度,Pei Du,裴,度,765,839,0,6,唐,Tang,bridge,B
94943,裴說,Pei Yue,裴,說,,,0,6,唐,Tang,bridge,B
95025,顏真卿,Yan Zhenqing,顏,真卿,709,784,0,6,唐,Tang,core,
95042,潘孟陽,Pan Mengyang,潘,孟陽,764,815,0,6,唐,Tang,bridge,C
95047,薛震,Xue Zhen,薛,震,623,684,0,6,唐,Tang,bridge,C
95066,薛逢,Xue Feng,薛,逢,,,0,6,唐,Tang,bridge,B
95068,薛濤,Xue Tao,薛,濤,770,832,1,6,唐,Tang,core,
95071,薛能,Xue Neng,薛,能,,880,0,6,唐,Tang,core,
95210,崔鶯鶯,Cui Yingying,崔,鶯鶯,784,,1,6,唐,Tang,core,
118199,李錡,Li Qi,李,錡,741,807,0,6,唐,Tang,bridge,C
136174,李抱真,Li Baozhen,李,抱真,733,794,0,6,唐,Tang,bridge,B
139166,尉遲恭,Yuchi Gong,尉遲,恭,585,658,0,6,唐,Tang,core,
139803,李氏（臨川公主）,Li Shi(Lin Chuan Princess),李,氏（臨川公主）,624,682,1,6,唐,Tang,bridge,B
140204,李仙蕙（永泰公主）,Li Xianhui(Yongtai Princess),李,仙蕙（永泰公主）,685,701,1,77,周,Zhou (Wu Zetian),bridge,B
145215,裴夷直,Pei Yizhi,裴,夷直,787,859,0,6,唐,Tang,bridge,B
145814,嚴礪,Yan Li,嚴,礪,743,809,0,6,唐,Tang,bridge,C
146097,李光弼,Li Guangbi,李,光弼,,764,0,6,唐,Tang,core,
146237,戴叔倫,Dai Shulun,戴,叔倫,732,789,0,6,唐,Tang,bridge,B
156023,韋皋,Wei Gao,韋,皋,,,0,6,唐,Tang,bridge,B
169209,李景讓,Li Jingrang,李,景讓,788,860,0,6,唐,Tang,bridge,B
171077,裴贄,Pei Zhi,裴,贄,,905,0,0,未詳,unknown,bridge,B
171253,裴垍,Pei Ji,裴,垍,,811,0,6,唐,Tang,bridge,B
172582,楊朏,Yang Ku,楊,朏,,806,0,6,唐,Tang,bridge,C
173383,李迥秀,Li Jiongxiu,李,迥秀,,682,0,6,唐,Tang,bridge,B
173516,李榮,Li Rong,李,榮,,792,0,6,唐,Tang,bridge,C
173741,李愿,Li Yuan,李,愿,,825,0,6,唐,Tang,bridge,B
173788,李曄,Li Ye,李,曄,,776,0,6,唐,Tang,bridge,B
173812,李觀,Li Guan,李,觀,,799,0,6,唐,Tang,bridge,B
174518,李乂,Li Yi,李,乂,,837,0,6,唐,Tang,bridge,B
175289,李昂,Li Ang,李,昂,,781,0,6,唐,Tang,bridge,B
175493,王質,Wang Zhi,王,質,,857,0,6,唐,Tang,bridge,C
175810,王鐸,Wang Duo,王,鐸,,748,0,6,唐,Tang,bridge,B
176026,魏元忠,Wei Yuanzhong,魏,元忠,,715,0,6,唐,Tang,bridge,B
176037,魏扶,Wei Fu,魏,扶,,850,0,6,唐,Tang,bridge,B
176408,張喬,Zhang Qiao,張,喬,,897,0,6,唐,Tang,bridge,B
176815,馬植,Ma Zhi,馬,植,,856,0,6,唐,Tang,bridge,B
177103,崔惠童,Cui Huitong,崔,惠童,,767,0,6,唐,Tang,bridge,B
177429,崔道融,Cui Daorong,崔,道融,,742,0,6,唐,Tang,bridge,B
177601,于興宗,Yu Xingzong,于,興宗,,855,0,6,唐,Tang,bridge,C
177603,于頔,Yu Di,于,頔,,818,0,6,唐,Tang,bridge,B
177679,崔峒,Cui Dong,崔,峒,,749,0,6,唐,Tang,bridge,B
178361,韓泰,Han Tai,韓,泰,,800,0,6,唐,Tang,bridge,B
178775,盧鈞,Lu Jun,盧,鈞,770,857,0,6,唐,Tang,bridge,B
179256,盧僎,Lu Zhuan,盧,僎,,724,0,6,唐,Tang,bridge,C
179585,陸長源,Lu Changyuan,陸,長源,,772,0,6,唐,Tang,bridge,B
179808,趙彥昭,Zhao Yanzhao,趙,彥昭,,714,0,6,唐,Tang,bridge,B
183943,鄭畋,Zheng Tian,鄭,畋,824,883,0,6,唐,Tang,bridge,C
183952,鄭愔,Zheng Yin,鄭,愔,,715,0,6,唐,Tang,bridge,B
184472,舒元輿,Shu Yuanyu,舒,元輿,,835,0,6,唐,Tang,bridge,C
184603,畢曜,Bi Yao,畢,曜,,787,0,6,唐,Tang,bridge,B
184796,孔巢父,Kong Chaofu,孔,巢父,,784,0,6,唐,Tang,bridge,B
184921,李克恭,Li Kegong,李,克恭,,920,0,0,未詳,unknown,bridge,B
186899,李甘,Li Gan,李,甘,,836,0,6,唐,Tang,bridge,C
187046,李播,Li Bo,李,播,,903,0,0,未詳,unknown,bridge,B
187089,李郢,Li Ying,李,郢,,903,0,0,未詳,unknown,bridge,B
187166,李洞,Li Dong,李,洞,,878,0,6,唐,Tang,bridge,B
187242,李少康,Li Shaokang,李,少康,,757,0,6,唐,Tang,bridge,C
187373,李嶼,Li Yu,李,嶼,,779,0,6,唐,Tang,bridge,C
187617,李貞,Li Zhen,李,貞,,757,0,6,唐,Tang,bridge,C
188190,李餘,Li Yu,李,餘,,922,0,0,未詳,unknown,bridge,B
188233,李元嬰,Li Yuanying,李,元嬰,,652,0,6,唐,Tang,bridge,C
188499,李遠,Li Yuan,李,遠,,955,0,0,未詳,unknown,bridge,B
188616,李煜,Li Yu,李,煜,,712,0,6,唐,Tang,core,
188925,李重俊,Li Zhongjun,李,重俊,,742,0,6,唐,Tang,bridge,C
189016,李範（岐王）,Li Fan(Qi Wang),李,範（岐王）,,748,0,6,唐,Tang,bridge,B
189491,胡証,Hu Zheng,胡,証,,743,0,6,唐,Tang,bridge,B
189569,許孟容,Xu Mengrong,許,孟容,742,818,0,6,唐,Tang,bridge,B
189633,范傳正,Fan Chuanzheng,范,傳正,,815,0,6,唐,Tang,bridge,C
190786,崔昭,Cui Zhao,崔,昭,,791,0,6,唐,Tang,bridge,B
194588,嚴休復,Yan Xiufu,嚴,休復,,840,0,6,唐,Tang,bridge,B
195105,司空圖,Sikong Tu,司空,圖,836,908,0,6,唐,Tang,core,
195688,嚴武,Yan Wu,嚴,武,725,765,0,6,唐,Tang,bridge,B
196063,王守澄,Wang Shoucheng,王,守澄,,835,0,6,唐,Tang,bridge,C
339631,李憲（唐讓皇帝）,Li Xian(Rang Emperor of Tang),李,憲（唐讓皇帝）,679,741,0,6,唐,Tang,bridge,B
376309,李輔國,Li Fuguo,李,輔國,704,762,0,6,唐,Tang,bridge,C
377178,楊歸厚,Yang Guihou,楊,歸厚,,,0,6,唐,Tang,bridge,B
377597,裴均,Pei Jun,裴,均,,,0,6,唐,Tang,bridge,C
379269,呂讓,Lv Rang,呂,讓,,,0,6,唐,Tang,bridge,C
379405,夏侯審,Xiahou Shen,夏侯,審,,,0,6,唐,Tang,bridge,C
379430,徐彥伯,Xu Yanbo,徐,彥伯,,,0,6,唐,Tang,bridge,B
379873,安祿山,An Lushan,安,祿山,,,0,6,唐,Tang,core,
380576,李湯,Li Tang,李,湯,,,0,6,唐,Tang,bridge,C
380654,趙縱,Zhao Zong,趙,縱,,,0,6,唐,Tang,bridge,C
381119,鄭諤,Zheng E,鄭,諤,,,0,6,唐,Tang,bridge,C
381233,王渢,Wang Feng,王,渢,,,0,6,唐,Tang,bridge,B
381573,薛乂,Xue Yi,薛,乂,,,0,6,唐,Tang,bridge,C
381789,源寂,Yuan Ji,源,寂,,,0,6,唐,Tang,bridge,B
381933,苗紳,Miao Shen,苗,紳,,,0,6,唐,Tang,bridge,C
382253,鄒儒立,Zou Ruli,鄒,儒立,,,0,6,唐,Tang,bridge,B
382322,裴虬,Pei Qiu,裴,虬,,,0,6,唐,Tang,bridge,C
382368,林蘊,Lin Yun,林,蘊,,,0,6,唐,Tang,bridge,B
382589,高詢,Gao Xun,高,詢,,,0,6,唐,Tang,bridge,B
382863,康昭遠,Kang Zhaoyuan,康,昭遠,,,0,6,唐,Tang,bridge,B
382868,李宣,Li Xuan,李,宣,,,0,6,唐,Tang,bridge,B
439016,于逖,Yu Ti,于,逖,,,0,6,唐,Tang,bridge,B
439055,李群玉,Li Qunyu,李,群玉,813,860,0,6,唐,Tang,bridge,B
444817,韋氏（中宗韋后）,Wei Shi(Wife of Emperor Zhongzong of Tang),韋,氏（中宗韋后）,,710,1,6,唐,Tang,core,
444827,李氏（長寧公主）,Li Shi(Chang Ning Princess),李,氏（長寧公主）,,,1,6,唐,Tang,bridge,B
444850,李氏（太平公主）,Li Shi(Tai Ping princess),李,氏（太平公主）,,,1,,未知,unknown,bridge,B
445068,龐嚴,Pang Yan,龐,嚴,,,0,6,唐,Tang,bridge,B
445110,高耽,Gao Dan,高,耽,,,0,6,唐,Tang,bridge,C
445192,唐衢,Tang Qu,唐,衢,,,0,6,唐,Tang,bridge,B
445220,釋廣通,Shi Guangtong,釋,廣通,,,0,6,唐,Tang,bridge,C
445237,釋文暢,Shi Wenchang,釋,文暢,,,0,6,唐,Tang,bridge,B
445341,郭行餘,Guo Xingyu,郭,行餘,,,0,6,唐,Tang,bridge,B
445343,郭微,Guo Wei,郭,微,,,0,6,唐,Tang,bridge,C
445407,許恩,Hu En,許,恩,,,0,6,唐,Tang,bridge,B
445425,李持盈(李旦女),Li Chiying(Li Dan's Daughter),李,持盈(李旦女),,,1,6,唐,Tang,bridge,B
445481,王季友,Wang Jiyou,王,季友,,,0,6,唐,Tang,bridge,B
445500,王崟,Wang Yin,王,崟,,,0,6,唐,Tang,bridge,B
445518,王紞,Wang Dan,王,紞,,,0,6,唐,Tang,bridge,C
445530,王皇后,Wang Huanghou,王,皇后,,,0,6,唐,Tang,bridge,B
445577,王凝,Wang Ning,王,凝,,,0,6,唐,Tang,bridge,C
445579,王迥,Wang Jiong,王,迥,,,0,6,唐,Tang,bridge,C
445585,王太后(李湛母),Wang Taihou(Li Zhan's Mother),王,太后(李湛母),,,1,6,唐,Tang,bridge,B
445603,王茂元,Wang Maoyuan,王,茂元,,,0,6,唐,Tang,bridge,C
445660,王卿,Wang Qing,王,卿,,,0,6,唐,Tang,bridge,C
445676,王知白,Wang Zhibai,王,知白,,,0,6,唐,Tang,bridge,C
445700,釋靈一,Shi Lingyi,釋,靈一,,,0,6,唐,Tang,bridge,B
445729,元德秀,Yuan Dexiu,元,德秀,,,0,6,唐,Tang,bridge,B
445755,元晟,Yuan Sheng,元,晟,,,0,6,唐,Tang,bridge,C
445771,釋霄韻,Shi Xiaoyun,釋,霄韻,,,0,6,唐,Tang,bridge,C
445791,于逖,Yu Ti,于,逖,,,0,6,唐,Tang,bridge,C
445798,于丹,Yu Dan,于,丹,,,0,6,唐,Tang,bridge,C
445800,于人文,Yu Renwen,于,人文,,,0,6,唐,Tang,bridge,B
445874,賈曾,Jia Ceng,賈,曾,,,0,6,唐,Tang,bridge,C
445886,張彥,Zhang Yan,張,彥,,,0,6,唐,Tang,bridge,C
445945,張仁亶,Zhang Rendan,張,仁亶,,,0,6,唐,Tang,bridge,C
445957,張參,Zhang Can,張,參,,,0,6,唐,Tang,bridge,C
445959,張獻心,Zhang Xianxin,張,獻心,,,0,6,唐,Tang,bridge,C
445983,張徹,Zhang Che,張,徹,,,0,6,唐,Tang,core,
446062,張超,Zhang Chao,張,超,,,0,6,唐,Tang,bridge,C
446137,裴袞,Pei Gun,裴,袞,,,0,6,唐,Tang,bridge,C
446145,裴霸,Pei Ba,裴,霸,,,0,6,唐,Tang,bridge,C
446154,裴瓚,Pei Zan,裴,瓚,,,0,6,唐,Tang,bridge,C
446168,裴傑,Pei Jie,裴,傑,,,0,6,唐,Tang,bridge,C
446206,裴素,Pei Su,裴,素,,,0,6,唐,Tang,bridge,C
446241,釋弘景,Shi Hongjing,釋,弘景,,,0,6,唐,Tang,bridge,C
446244,孔戣,Kong Kui,孔,戣,,,0,6,唐,Tang,bridge,C
446262,孫發,Sun Fa,孫,發,,,0,6,唐,Tang,bridge,B
446299,孫路,Sun Lu,孫,路,,,0,6,唐,Tang,bridge,B
446307,孫簡,Sun Jian,孫,簡,,,0,6,唐,Tang,bridge,C
446338,孟雲卿,Meng Yunqing,孟,雲卿,,,0,6,唐,Tang,bridge,B
446436,喬知之,Qiao Zhizhi,喬,知之,,,0,6,唐,Tang,bridge,B
446450,毛于,Mao Yu,毛,于,,,0,6,唐,Tang,bridge,B
446488,盧延讓,Lu Yanrang,盧,延讓,,,0,6,唐,Tang,bridge,B
446511,盧幼平,Lu Youping,盧,幼平,,,0,6,唐,Tang,bridge,C
446517,盧象,Lu Xiang,盧,象,,,0,6,唐,Tang,bridge,B
446523,盧汀,Lu Ting,盧,汀,,,0,6,唐,Tang,bridge,B
446556,盧拱,Lu Gong,盧,拱,,,0,6,唐,Tang,bridge,B
446579,盧簡求,Lu Jianqiu,盧,簡求,,,0,6,唐,Tang,bridge,C
446647,岑況,Cen Kuang,岑,況,,,0,6,唐,Tang,bridge,B
446659,任華,Ren Hua,任,華,,,0,6,唐,Tang,bridge,B
446704,崔羣,Cui Qun,崔,羣,,,0,6,唐,Tang,bridge,B
446711,崔能,Cui Neng,崔,能,,,0,6,唐,Tang,bridge,C
446733,崔龜從,Cui Guicong,崔,龜從,,,0,6,唐,Tang,bridge,B
446753,崔潭峻,Cui Tanjun,崔,潭峻,,,0,6,唐,Tang,bridge,C
446768,崔渙,Cui Huan,崔,渙,,,0,6,唐,Tang,bridge,B
446786,崔載華,Cui Zaihua,崔,載華,,,0,6,唐,Tang,bridge,C
446797,崔嘏,Cui Gu,崔,嘏,,,0,6,唐,Tang,bridge,B
446811,崔咸,Cui Xian,崔,咸,,,0,6,唐,Tang,bridge,C
446812,崔戎,Cui Rong,崔,戎,,,0,6,唐,Tang,bridge,C
446820,崔固,Cui Gu,崔,固,,,0,6,唐,Tang,bridge,C
446821,崔圓,Cui Yuan,崔,圓,,,0,6,唐,Tang,bridge,B
446859,崔尚,Cui Shang,崔,尚,,,0,6,唐,Tang,bridge,B
446872,牟融,Mou Rong,牟,融,,,0,6,唐,Tang,bridge,C
446875,釋德玄,Shi Dexuan,釋,德玄,,,0,6,唐,Tang,bridge,C
446880,儲嗣宗,Chu Sizong,儲,嗣宗,,,0,6,唐,Tang,bridge,C
446959,釋自省,Shi Zixing,釋,自省,,,0,6,唐,Tang,bridge,C
446976,皇甫會,Huangfu Hui,皇甫,會,,,0,6,唐,Tang,bridge,B
447047,吳筠,Wu Jun,吳,筠,,,0,6,唐,Tang,bridge,B
447110,殷文圭,Yin Wengui,殷,文圭,,,0,6,唐,Tang,bridge,B
447143,鄔載,Wu Zai,鄔,載,,,0,6,唐,Tang,bridge,B
447201,徐夤,Xu Yin,徐,夤,,,0,6,唐,Tang,bridge,B
447213,徐凝,Xu Ning,徐,凝,,,0,6,唐,Tang,bridge,B
447292,李裹兒（安樂公主）,Li Guo'er(Anle Princess),李,裹兒（安樂公主）,,710,1,6,唐,Tang,core,
447332,竇希玠,Dou Xijie,竇,希玠,,,0,6,唐,Tang,bridge,C
447346,釋宗密,Shi Zongmi,釋,宗密,780,841,0,6,唐,Tang,bridge,B
447419,顧非熊,Gu Feixiong,顧,非熊,,,0,6,唐,Tang,core,
447465,梁鍠,Liang Huang,梁,鍠,,,0,6,唐,Tang,bridge,C
447478,沈千運,Shen Qianyun,沈,千運,,,0,6,唐,Tang,bridge,C
447485,沈傳師,Shen Chuanshi,沈,傳師,,,0,6,唐,Tang,bridge,B
447489,沈述師,Shen Shushi,沈,述師,,,0,6,唐,Tang,bridge,C
447504,沈光,Shen Guang,沈,光,,,0,6,唐,Tang,bridge,C
447532,釋造微,Shi Zaowei,釋,造微,,,0,6,唐,Tang,bridge,B
447535,釋清徹,Shi Qingche,釋,清徹,,,0,6,唐,Tang,bridge,B
447541,清遠, Qingyuan,,清遠,,,0,6,唐,Tang,bridge,B
447567,溫庭筠,Wen Tingjun,溫,庭筠,,,0,6,唐,Tang,core,
447594,渾鎬,Hun Hao,渾,鎬,,,0,6,唐,Tang,bridge,C
447631,釋道俊,Shi Daojun,釋,道俊,,,0,6,唐,Tang,bridge,C
447701,李方玄,Li Fangxuan,李,方玄,,,0,6,唐,Tang,bridge,B
447719,李讓夷,Li Rangyi,李,讓夷,,,0,6,唐,Tang,bridge,B
447721,李褎,Li You,李,褎,,,0,6,唐,Tang,bridge,B
447722,李玄,Li Xuan,李,玄,,,0,6,唐,Tang,bridge,C
447734,李詡,Li Xu,李,詡,,,0,6,唐,Tang,bridge,C
447735,李誦,Li Song,李,誦,,,0,6,唐,Tang,bridge,B
447753,李元素,Li Yuansu,李,元素,,,0,6,唐,Tang,bridge,C
447783,李逢勳,Li Fengxun,李,逢勳,,,0,6,唐,Tang,bridge,C
447803,李億,Li Yi,李,億,,,0,6,唐,Tang,bridge,B
447853,李勉,Li Mian,李,勉,,,0,6,唐,Tang,bridge,B
447857,李幼卿,Li Youqing,李,幼卿,,,0,6,唐,Tang,bridge,B
447879,李皋,Li Gao,李,皋,,,0,6,唐,Tang,bridge,B
447906,李紓,Li Shu,李,紓,,,0,6,唐,Tang,bridge,B
447952,李定言,Li Dingyan,李,定言,,,0,6,唐,Tang,bridge,C
447993,李湊,Li Cou,李,湊,,,0,6,唐,Tang,bridge,C
448009,李溟,Li Ming,李,溟,,,0,6,唐,Tang,bridge,B
448033,李道樞,Li Daoshu,李,道樞,,,0,6,唐,Tang,bridge,B
448069,李翥,Li Zhu,李,翥,,,0,6,唐,Tang,bridge,B
448162,李晟,Li Sheng,李,晟,,,0,6,唐,Tang,bridge,C
448187,李景儉,Li Jingjian,李,景儉,,,0,6,唐,Tang,bridge,B
448226,李隆業,Li Longye,李,隆業,,,0,6,唐,Tang,bridge,C
448280,李光顏,Li Guangyan,李,光顏,,,0,6,唐,Tang,bridge,B
448287,李炎,Li Yan,李,炎,,,0,6,唐,Tang,bridge,B
448317,韋班,Wei Ban,韋,班,,,0,6,唐,Tang,bridge,C
448363,韋向,Wei Xiang,韋,向,,,0,6,唐,Tang,bridge,C
448371,韋之晉,Wei Zhijin,韋,之晉,,,0,6,唐,Tang,bridge,C
448454,李蟲娘(李隆基女),Li Chongniang(Li Longji's Daughter),李,蟲娘(李隆基女),,,1,6,唐,Tang,bridge,C
448463,袁仁恭,Yuan Rengong,袁,仁恭,,,0,6,唐,Tang,bridge,C
448470,袁滋,Yuan Zi,袁,滋,,,0,6,唐,Tang,bridge,B
448507,姚紹之,Yao Shaozhi,姚,紹之,,,0,6,唐,Tang,bridge,C
448568,范希朝,Fan Xichao,范,希朝,,,0,6,唐,Tang,bridge,C
448620,蕭澣,Xiao Huan,蕭,澣,,,0,6,唐,Tang,bridge,C
448663,蘇端,Su Duan,蘇,端,,,0,6,唐,Tang,bridge,C
448714,韓雲卿,Han Yunqing,韓,雲卿,,,0,6,唐,Tang,bridge,C
448799,薛邕,Xue Yong,薛,邕,,,0,6,唐,Tang,bridge,B
448861,釋楚雲,Shi Chuyun,釋,楚雲,,,0,6,唐,Tang,bridge,C
448874,黃滔,Huang Tao,黃,滔,,,0,6,唐,Tang,core,
448891,蔡京,Cai Jing,蔡,京,,,0,6,唐,Tang,bridge,B
448894,蔡孚,Cai Fu,蔡,孚,,,0,6,唐,Tang,bridge,B
448900,李氏(李旦女),Li Shi(Li Dan's Daughter),李,氏(李旦女),,,1,6,唐,Tang,bridge,C
448912,杜亞,Du Ya,杜,亞,,,0,6,唐,Tang,bridge,B
448946,杜希望,Du Xiwang,杜,希望,,,0,6,唐,Tang,bridge,C
448969,杜兼,Du Jian,杜,兼,,,0,6,唐,Tang,bridge,C
448972,杜悰,Du Cong,杜,悰,,,0,6,唐,Tang,bridge,B
448979,權璩,Quan Qu,權,璩,,,0,6,唐,Tang,bridge,C
448985,權器,Quan Qi,權,器,,,0,6,唐,Tang,bridge,C
449024,獨孤郁,Dugu Yu,獨孤,郁,,,0,6,唐,Tang,bridge,B
449046,賀朝,He Chao,賀,朝,,,0,6,唐,Tang,bridge,C
449049,釋柏巖,Shi Baiyan,釋,柏巖,,,0,6,唐,Tang,bridge,B
449065,楊發,Yang Fa,楊,發,,,0,6,唐,Tang,bridge,C
449084,楊嶽,Yang Yue,楊,嶽,,,0,6,唐,Tang,bridge,C
449087,楊贊禹,Yang Zanyu,楊,贊禹,,,0,6,唐,Tang,bridge,B
449088,楊贊圖,Yang Zantu,楊,贊圖,,,0,6,唐,Tang,bridge,C
449112,楊凝,Yang Ning,楊,凝,,,0,6,唐,Tang,bridge,C
449121,楊戴,Yang Dai,楊,戴,,,0,6,唐,Tang,bridge,C
449143,楊轍,Yang Zhe,楊,轍,,,0,6,唐,Tang,bridge,B
449290,趙仙舟,Zhao Xianzhou,趙,仙舟,,,0,6,唐,Tang,bridge,C
449310,趙鴻,Zhao Hong,趙,鴻,,,0,6,唐,Tang,bridge,C
449434,曹確,Cao Que,曹,確,,,0,6,唐,Tang,bridge,B
449450,費冠卿,Fei Guanqing,費,冠卿,,,0,6,唐,Tang,bridge,B
449535,釋圓昉,Shi Yuanfang,釋,圓昉,,,0,6,唐,Tang,bridge,C
449538,釋景玄,Shi Jingxuan,釋,景玄,,,0,6,唐,Tang,bridge,C
449550,羅虬,Luo Qiu,羅,虬,,,0,6,唐,Tang,bridge,C
449569,嚴綬,Yan Shou,嚴,綬,,,0,6,唐,Tang,bridge,B
449580,嚴士元,Yan Shiyuan,嚴,士元,,,0,6,唐,Tang,bridge,C
449581,嚴士良,Yan Shiliang,嚴,士良,,,0,6,唐,Tang,bridge,C
449589,嚴惲,Yan Yun,嚴,惲,,,0,6,唐,Tang,bridge,B
449610,喻坦之,Yu Tanzhi,喻,坦之,,,0,6,唐,Tang,bridge,B
449624,厲玄,Li Xuan,厲,玄,,,0,6,唐,Tang,bridge,B
449660,馬擇,Ma Ze,馬,擇,,,0,6,唐,Tang,bridge,C
449754,劉憲,Liu Xian,劉,憲,,,0,6,唐,Tang,bridge,C
449759,劉灣,Liu Wan,劉,灣,,,0,6,唐,Tang,bridge,C
449791,劉蕡,Liu Fen,劉,蕡,,,0,6,唐,Tang,bridge,C
449792,劉棲楚,Liu Qichu,劉,棲楚,,,0,6,唐,Tang,bridge,C
449848,劉公濟,Liu Gongji,劉,公濟,,,0,6,唐,Tang,bridge,B
449867,丘爲,Qiu Wei,丘,爲,,,0,6,唐,Tang,bridge,C
449894,陸澧,Lu Li,陸,澧,,,0,6,唐,Tang,bridge,B
449911,陸暢,Lu Chang,陸,暢,,,0,6,唐,Tang,bridge,B
449924,陳商,Chen Shang,陳,商,,,0,6,唐,Tang,bridge,B
449943,陳羽,Chen Yu,陳,羽,,,0,6,唐,Tang,bridge,C
450008,陳兼,Chen Jian,陳,兼,,,0,6,唐,Tang,bridge,B
450027,周元範,Zhou Yuanfan,周,元範,,,0,6,唐,Tang,bridge,B
450035,周繇,Zhou Yao,周,繇,,,0,6,唐,Tang,bridge,B
450041,周寶,Zhou Bao,周,寶,,,0,6,唐,Tang,bridge,C
450076,屈突陝,Qutu Shan,屈突,陝,,,0,6,唐,Tang,bridge,C
450109,閻防,Yan Fang,閻,防,,,0,6,唐,Tang,bridge,B
450127,釋鑒玄,Shi Jianxuan,釋,鑒玄,,,0,6,唐,Tang,bridge,C
450129,釋鑒真,Shi Jianzhen,釋,鑒真,,,0,6,唐,Tang,core,
450146,李氏(李守禮女),Li Shi(Li Shouli's Daughter),李,氏(李守禮女),,,1,6,唐,Tang,bridge,B
450208,李下玉（義陽公主）,Li Xia Yu(Yiyang Princess),李,下玉（義陽公主）,,,1,6,唐,Tang,bridge,B
450264,釋智玄,Shi Zhixuan,釋,智玄,,,0,6,唐,Tang,bridge,C
450285,鄭諴,Zheng Xian,鄭,諴,,,0,6,唐,Tang,bridge,C
450288,鄭說,Zheng Shuo,鄭,說,,,0,6,唐,Tang,bridge,C
450312,鄭元規,Zheng Yuangui,鄭,元規,,,0,6,唐,Tang,bridge,B
450314,鄭處誨,Zheng Chuhui,鄭,處誨,,,0,6,唐,Tang,bridge,C
450316,鄭巢,Zheng Chao,鄭,巢,,,0,6,唐,Tang,core,
450364,鄭賁,Zheng Ben,鄭,賁,,,0,6,唐,Tang,bridge,C
450412,鄭惟忠,Zheng Weizhong,鄭,惟忠,,,0,6,唐,Tang,bridge,C
450449,釋少微,Shi Shaowei,釋,少微,,,0,6,唐,Tang,bridge,B
450457,釋尚顏,Shi Shangyan,釋,尚顏,,,0,6,唐,Tang,bridge,B
450491,李氏(李純女),Li Shi(Li Chun's Daughter),李,氏(李純女),,,1,6,唐,Tang,bridge,B
450597,李珏,Li Jue,李,珏,,,0,6,唐,Tang,bridge,B
450631,衛伯玉,Wei Boyu,衛,伯玉,,,0,6,唐,Tang,bridge,B
450650,令狐緒,Linghu Xu,令狐,緒,,,0,6,唐,Tang,bridge,C
450663,釋悟空,Shi Wukong,釋,悟空,,,0,6,唐,Tang,bridge,C
450665,裴衡,Pei Heng,裴,衡,,,0,6,唐,Tang,bridge,C
450670,裴儔,Pei Chou,裴,儔,,,0,6,唐,Tang,bridge,B
450704,趙能卿,Zhao Nengqing,趙,能卿,,,0,6,唐,Tang,bridge,C
512425,張岧,Zhang Tiao,張,岧,,,0,6,唐,Tang,bridge,C
