source_id,target_id,rel_type,rel_subtype,rel_desc_chn,direction,year_start,year_end,weight,evidence_level,source_ref,cbdb_assoc_code,cbdb_role_type
3130,11605,SOCIAL,SO_GIFT_POETRY,贈詩、文,directed,,,0.5,primary,textid=40303,437,A
3130,19244,SOCIAL,SO_GIFT_POETRY,贈詩、文,directed,,,0.5,primary,textid=40303,437,A
3130,26935,SOCIAL,SO_GIFT_POETRY,贈詩、文,directed,,,0.5,primary,textid=40303,437,A
3130,31407,LITERARY,LI_EPITAPH,為Y作墓誌銘,directed,732,,0.4,inferred,,44,A
3130,31407,SOCIAL,SO_GIFT_POETRY,贈詩、文,directed,,,0.5,primary,textid=40303,437,A
3130,32174,COLLEAGUE,CL_RECOMMEND,推薦,directed,735,,0.7,primary,textid=60019,13,A
3130,32174,SOCIAL,SO_CHANGHE,相唱和,undirected,737,,0.6,primary,textid=60019,114,M
3130,32534,SOCIAL,SO_GIFT_POETRY,贈詩、文,directed,,,0.5,primary,textid=40303,437,A
3130,32847,POLITICAL,PO_ADMIRE,欣賞/器重,directed,732,,0.5,inferred,,18,A
3130,92452,SOCIAL,SO_GIFT_POETRY,贈詩、文,directed,,,0.5,primary,textid=40303,437,A
3332,3605,SOCIAL,SO_FRIEND,友,undirected,,,0.6,primary,textid=9602,9,M
3332,3605,LITERARY,LI_EPITAPH,為Y作墓誌銘,directed,,,0.4,inferred,,44,A
3332,3605,COLLEAGUE,CL_TONGLIAO,同僚,undirected,803,,0.8,inferred,,197,M
3332,3605,SOCIAL,SO_GIFT_POETRY,贈詩、文,directed,,,0.5,primary,textid=40303,437,A
3332,3915,SOCIAL,SO_GIFT_POETRY,贈詩、文,directed,,,0.5,primary,textid=40303,437,A
3332,13575,SOCIAL,SO_FRIEND,友,undirected,,,0.6,primary,textid=9602,9,M
3332,13575,COLLEAGUE,CL_RECOMMEND,推薦,directed,824,,0.7,inferred,,13,A
3332,13575,SOCIAL,SO_GIFT_POETRY,贈詩、文,directed,,,0.5,primary,textid=40303,437,A
3332,13624,LITERARY,LI_EPITAPH,為Y作墓誌銘,directed,824,,0.4,inferred,,44,A
3332,22469,SOCIAL,SO_GIFT_POETRY,贈詩、文,directed,,,0.5,primary,textid=40303,437,A
3332,22469,KIN,K_OTHER,姪女之夫,directed,,,0.7,primary,textid=24309,178,KIN
3332,24654,SOCIAL,SO_GIFT_POETRY,贈詩、文,directed,,,0.5,primary,textid=40303,437,A
3332,32227,SOCIAL,SO_GIFT_POETRY,贈詩、文,directed,,,0.5,primary,textid=40303,437,A
3332,32248,SOCIAL,SO_FRIEND,友,undirected,,,0.6,primary,textid=9602,9,M
3332,32540,SOCIAL,SO_GIFT_POETRY,贈詩、文,directed,,,0.5,primary,textid=40303,437,A
3332,32822,SOCIAL,SO_GIFT_POETRY,贈詩、文,directed,,,0.5,primary,textid=40303,437,A
3332,33606,SOCIAL,SO_FRIEND,友,undirected,,,0.6,primary,textid=9602,9,M
3332,92047,SOCIAL,SO_GIFT_POETRY,贈詩、文,directed,,,0.5,primary,textid=40303,437,A
3332,93952,SOCIAL,SO_FRIEND,友,undirected,,,0.6,primary,textid=9602,9,M
3332,93952,LITERARY,LI_EPITAPH,為Y作墓誌銘,directed,815,,0.4,primary,韓昌黎文集校注,44,A
3332,93952,SOCIAL,SO_GIFT_POETRY,贈詩、文,directed,,,0.5,primary,textid=40303,437,A
3332,94116,SOCIAL,SO_GIFT_POETRY,贈詩、文,directed,,,0.5,primary,textid=40303,437,A
3332,94227,SOCIAL,SO_FRIEND,友,undirected,,,0.6,primary,textid=9602,9,M
3332,94227,SOCIAL,SO_GIFT_POETRY,贈詩、文,directed,,,0.5,primary,textid=40303,437,A
3332,445983,SOCIAL,SO_GIFT_POETRY,贈詩、文,directed,,,0.5,primary,textid=40303,437,A
3605,13059,SOCIAL,SO_GIFT_POETRY,贈詩、文,directed,,,0.5,primary,textid=40303,437,A
3605,13060,SOCIAL,SO_GIFT_POETRY,贈詩、文,directed,,,0.5,primary,textid=40303,437,A
3605,24654,POLITICAL,PO_OPPOSE,忌/惡,directed,,,0.3,primary,舊唐書,83,A
3605,24654,SOCIAL,SO_GIFT_POETRY,贈詩、文,directed,,,0.5,primary,textid=40303,437,A
3605,31312,SOCIAL,SO_GIFT_POETRY,贈詩、文,directed,,,0.5,primary,textid=40303,437,A
3605,32248,SOCIAL,SO_GIFT_POETRY,贈詩、文,directed,,,0.5,primary,textid=40303,437,A
3605,33606,SOCIAL,SO_FRIEND,友,undirected,,,0.6,inferred,,9,M
3605,33606,COLLEAGUE,CL_TONGNIAN,同年友,undirected,,,0.7,inferred,,10,M
3605,33606,SOCIAL,SO_CHANGHE,相唱和,undirected,,,0.6,inferred,,114,M
3605,33606,COLLEAGUE,CL_TONGLIAO,同僚,undirected,,,0.8,inferred,,197,M
3702,15161,SOCIAL,SO_GIFT_POETRY,贈詩、文,directed,,,0.5,primary,textid=40303,437,A
3702,17130,SOCIAL,SO_GIFT_POETRY,贈詩、文,directed,,,0.5,primary,textid=40303,437,A
3702,22057,SOCIAL,SO_GIFT_POETRY,贈詩、文,directed,,,0.5,primary,textid=40303,437,A
3702,30864,SOCIAL,SO_GIFT_POETRY,贈詩、文,directed,,,0.5,primary,textid=40303,437,A
3702,32227,SOCIAL,SO_GIFT_POETRY,贈詩、文,directed,,,0.5,primary,textid=40303,437,A
3702,32540,LITERARY,LI_STYLE,稱道Y之文風,directed,,,0.4,primary,textid=26149,172,A
3702,32540,SOCIAL,SO_GIFT_POETRY,贈詩、文,directed,,,0.5,primary,textid=40303,437,A
3702,33753,SOCIAL,SO_GIFT_POETRY,贈詩、文,directed,,,0.5,primary,textid=40303,437,A
3702,95025,SOCIAL,SO_GIFT_POETRY,贈詩、文,directed,,,0.5,primary,textid=40303,437,A
3915,3130,SOCIAL,SO_GIFT_POETRY,收到Y的贈詩、文,directed,,,0.5,primary,textid=40303,438,P
3915,20876,SOCIAL,SO_GIFT_POETRY,贈詩、文,directed,,,0.5,primary,textid=40303,437,A
3915,30851,SOCIAL,SO_FRIEND,友,undirected,,,0.6,inferred,,9,M
3915,30851,SOCIAL,SO_GIFT_POETRY,贈詩、文,directed,,,0.5,primary,textid=40303,437,A
3915,30982,SOCIAL,SO_GIFT_POETRY,贈詩、文,directed,,,0.5,primary,textid=40303,437,A
3915,31110,SOCIAL,SO_GIFT_POETRY,贈詩、文,directed,,,0.5,primary,textid=40303,437,A
3915,31143,SOCIAL,SO_GIFT_POETRY,贈詩、文,directed,,,0.5,primary,textid=40303,437,A
3915,31275,SOCIAL,SO_GIFT_POETRY,贈詩、文,directed,,,0.5,primary,textid=40303,437,A
3915,31322,SOCIAL,SO_GIFT_POETRY,贈詩、文,directed,,,0.5,primary,textid=40303,437,A
3915,31560,SOCIAL,SO_GIFT_POETRY,贈詩、文,directed,,,0.5,primary,textid=40303,437,A
3915,32174,SOCIAL,SO_GIFT_POETRY,贈詩、文,directed,,,0.5,primary,textid=40303,437,A
3915,32540,SOCIAL,SO_FRIEND,友,undirected,,,0.6,inferred,,9,M
3915,32540,SOCIAL,SO_GIFT_POETRY,贈詩、文,directed,,,0.5,primary,textid=40303,437,A
3915,32540,SOCIAL,SO_TONGYOU,與Y旅遊,undirected,,,0.5,inferred,,555,M
3915,32583,SOCIAL,SO_GIFT_POETRY,贈詩、文,directed,,,0.5,primary,textid=40303,437,A
3915,32593,KIN,K_OTHER,祖父,directed,,,0.7,primary,textid=24309,62,KIN
3915,32847,SOCIAL,SO_GIFT_POETRY,贈詩、文,directed,,,0.5,primary,textid=40303,437,A
3915,32889,SOCIAL,SO_GIFT_POETRY,贈詩、文,directed,,,0.5,primary,textid=40303,437,A
3915,33062,SOCIAL,SO_GIFT_POETRY,贈詩、文,directed,,,0.5,primary,textid=40303,437,A
3915,33651,SOCIAL,SO_GIFT_POETRY,贈詩、文,directed,,,0.5,primary,textid=40303,437,A
3915,93409,SOCIAL,SO_GIFT_POETRY,贈詩、文,directed,,,0.5,primary,textid=40303,437,A
3915,93956,SOCIAL,SO_GIFT_POETRY,贈詩、文,directed,,,0.5,primary,textid=40303,437,A
3915,146097,SOCIAL,SO_GIFT_POETRY,贈詩、文,directed,,,0.5,primary,textid=40303,437,A
3915,379873,POLITICAL,PO_OPPOSE,忌/惡,directed,,,0.3,primary,textid=40303,83,A
11524,31222,SOCIAL,SO_GIFT_POETRY,贈詩、文,directed,,,0.5,primary,textid=40303,437,A
11605,19244,SOCIAL,SO_GIFT_POETRY,贈詩、文,directed,,,0.5,primary,textid=40303,437,A
11605,26935,SOCIAL,SO_GIFT_POETRY,贈詩、文,directed,,,0.5,primary,textid=40303,437,A
11605,31407,SOCIAL,SO_GIFT_POETRY,贈詩、文,directed,,,0.5,primary,textid=40303,437,A
11605,32540,POLITICAL,PO_ADMIRE,欣賞/器重,directed,720,,0.5,primary,textid=25640,18,A
11605,32593,SOCIAL,SO_GIFT_POETRY,贈詩、文,directed,,,0.5,primary,textid=40303,437,A
11605,447292,SOCIAL,SO_GIFT_POETRY,贈詩、文,directed,,,0.5,primary,textid=40303,437,A
11965,22057,KIN,K_SIBLING,弟,undirected,,,0.9,inferred,,126,KIN
13059,13060,SOCIAL,SO_GIFT_POETRY,贈詩、文,directed,,,0.5,primary,textid=40303,437,A
13059,13060,KIN,K_CHILD,子,directed,,,1.0,inferred,,180,KIN
13060,13059,KIN,K_PARENT,父,directed,,,1.0,inferred,,75,KIN
13060,15610,SOCIAL,SO_GIFT_POETRY,贈詩、文,directed,,,0.5,primary,textid=40303,437,A
13060,17130,SOCIAL,SO_GIFT_POETRY,贈詩、文,directed,,,0.5,primary,textid=40303,437,A
13060,17130,COLLEAGUE,CL_SUPERIOR,下屬為Y,directed,,,0.8,inferred,,482,A
13060,19241,KIN,K_CHILD,九子,directed,,,1.0,inferred,,206,KIN
13060,22793,COLLEAGUE,CL_SUPERIOR,下屬為Y,directed,,,0.8,inferred,,482,A
13060,31066,KIN,K_SPOUSE,第一任妻,undirected,,,1.0,inferred,,138,KIN
13060,31068,COLLEAGUE,CL_SUPERIOR,下屬為Y,directed,,,0.8,inferred,,482,A
13060,31312,COLLEAGUE,CL_SUPERIOR,下屬為Y,directed,,,0.8,inferred,,482,A
13060,92899,COLLEAGUE,CL_SUPERIOR,下屬為Y,directed,,,0.8,inferred,,482,A
13060,93663,KIN,K_SPOUSE,妻子,undirected,,,1.0,primary,舊唐書,135,KIN
13060,93663,KIN,K_AFFINAL,子婦;兒媳,directed,,,0.7,inferred,,396,KIN
13575,3332,TEACHER_STUDENT,TS_STUDENT,學生為Y,directed,797,,0.8,primary,韓昌黎文集校注,23,P
13575,3332,SOCIAL,SO_GIFT_POETRY,收到Y的贈詩、文,directed,,,0.5,primary,textid=40303,438,P
13575,32227,SOCIAL,SO_GIFT_POETRY,贈詩、文,directed,,,0.5,primary,textid=40303,437,A
13575,32248,SOCIAL,SO_GIFT_POETRY,贈詩、文,directed,,,0.5,primary,textid=40303,437,A
13575,32889,SOCIAL,SO_GIFT_POETRY,贈詩、文,directed,,,0.5,primary,textid=40303,437,A
13575,32980,SOCIAL,SO_GIFT_POETRY,贈詩、文,directed,,,0.5,primary,textid=40303,437,A
13575,33606,SOCIAL,SO_GIFT_POETRY,贈詩、文,directed,,,0.5,primary,textid=40303,437,A
13575,36130,SOCIAL,SO_GIFT_POETRY,贈詩、文,directed,,,0.5,primary,textid=40303,437,A
13575,92047,SOCIAL,SO_GIFT_POETRY,贈詩、文,directed,,,0.5,primary,textid=40303,437,A
13575,93952,SOCIAL,SO_GIFT_POETRY,贈詩、文,directed,,,0.5,primary,textid=40303,437,A
13575,94227,SOCIAL,SO_FRIEND,友,undirected,,,0.6,primary,textid=9602,9,M
13575,94227,SOCIAL,SO_GIFT_POETRY,贈詩、文,directed,,,0.5,primary,textid=40303,437,A
13575,95068,SOCIAL,SO_CHANGHE,相唱和,undirected,,,0.6,primary,textid=9601,114,M
13575,445983,SOCIAL,SO_GIFT_POETRY,贈詩、文,directed,,,0.5,primary,textid=40303,437,A
13624,3130,SOCIAL,SO_GIFT_POETRY,收到Y的贈詩、文,directed,,,0.5,primary,textid=40303,438,P
13624,3332,SOCIAL,SO_GIFT_POETRY,收到Y的贈詩、文,directed,,,0.5,primary,textid=40303,438,P
13624,13060,SOCIAL,SO_GIFT_POETRY,收到Y的贈詩、文,directed,,,0.5,primary,textid=40303,438,P
13624,24654,SOCIAL,SO_GIFT_POETRY,贈詩、文,directed,,,0.5,primary,textid=40303,437,A
13624,33859,SOCIAL,SO_GIFT_POETRY,贈詩、文,directed,,,0.5,primary,textid=40303,437,A
15161,32248,SOCIAL,SO_FRIEND,友,undirected,,,0.6,primary,textid=9602,9,M
15161,32248,SOCIAL,SO_GIFT_POETRY,贈詩、文,directed,,,0.5,primary,textid=40303,437,A
15161,95025,SOCIAL,SO_GIFT_POETRY,贈詩、文,directed,,,0.5,primary,textid=40303,437,A
15610,11965,TEACHER_STUDENT,TS_STUDENT,學生為Y,directed,,,0.8,primary,textid=9602,23,P
15610,13059,COLLEAGUE,CL_BUJIANG,部將為Y,directed,626,,0.8,inferred,,65,P
17029,21751,SOCIAL,SO_GIFT_POETRY,贈詩、文,directed,,,0.5,primary,textid=40303,437,A
17029,34916,SOCIAL,SO_GIFT_POETRY,贈詩、文,directed,,,0.5,primary,textid=40303,437,A
17029,92147,SOCIAL,SO_GIFT_POETRY,贈詩、文,directed,,,0.5,primary,textid=40303,437,A
17029,92743,SOCIAL,SO_GIFT_POETRY,贈詩、文,directed,,,0.5,primary,textid=40303,437,A
17029,93080,SOCIAL,SO_GIFT_POETRY,贈詩、文,directed,,,0.5,primary,textid=40303,437,A
17029,93785,SOCIAL,SO_GIFT_POETRY,贈詩、文,directed,,,0.5,primary,textid=40303,437,A
17029,94160,SOCIAL,SO_GIFT_POETRY,贈詩、文,directed,,,0.5,primary,textid=40303,437,A
17029,94227,SOCIAL,SO_GIFT_POETRY,贈詩、文,directed,,,0.5,primary,textid=40303,437,A
19241,13060,KIN,K_PARENT,父,directed,,,1.0,inferred,,75,KIN
19241,31066,KIN,K_PARENT,母,directed,,,1.0,inferred,,111,KIN
19241,33859,SOCIAL,SO_GIFT_POETRY,贈詩、文,directed,,,0.5,primary,textid=40303,437,A
19241,93663,KIN,K_SPOUSE,妻子,undirected,,,1.0,primary,舊唐書,135,KIN
19244,13060,SOCIAL,SO_GIFT_POETRY,收到Y的贈詩、文,directed,,,0.5,primary,textid=40303,438,P
19244,31222,SOCIAL,SO_GIFT_POETRY,贈詩、文,directed,,,0.5,primary,textid=40303,437,A
19244,31222,KIN,K_OTHER,妾,directed,,,0.7,inferred,,168,KIN
19244,31222,KIN,K_SPOUSE,丈夫,undirected,,,1.0,inferred,,134,KIN
19244,31275,SOCIAL,SO_GIFT_POETRY,贈詩、文,directed,,,0.5,primary,textid=40303,437,A
19244,31407,SOCIAL,SO_GIFT_POETRY,贈詩、文,directed,,,0.5,primary,textid=40303,437,A
19244,32540,POLITICAL,PO_ADMIRE,欣賞/器重,directed,,,0.5,primary,textid=25640,18,A
19244,92452,SOCIAL,SO_GIFT_POETRY,贈詩、文,directed,,,0.5,primary,textid=40303,437,A
19244,93663,KIN,K_OTHER,祖母,directed,,,0.7,inferred,,370,KIN
19254,32227,SOCIAL,SO_GIFT_POETRY,贈詩、文,directed,,,0.5,primary,textid=40303,437,A
21194,3332,SOCIAL,SO_GIFT_POETRY,收到Y的贈詩、文,directed,,,0.5,primary,textid=40303,438,P
21194,3915,SOCIAL,SO_GIFT_POETRY,收到Y的贈詩、文,directed,,,0.5,primary,textid=40303,438,P
21194,15161,SOCIAL,SO_GIFT_POETRY,收到Y的贈詩、文,directed,,,0.5,primary,textid=40303,438,P
21194,15610,SOCIAL,SO_GIFT_POETRY,收到Y的贈詩、文,directed,,,0.5,primary,textid=40303,438,P
21194,19254,SOCIAL,SO_GIFT_POETRY,收到Y的贈詩、文,directed,,,0.5,primary,textid=40303,438,P
21194,32054,LITERARY,LI_EPITAPH,為Y作墓誌銘,directed,852,,0.4,inferred,,44,A
21194,32054,SOCIAL,SO_GIFT_POETRY,贈詩、文,directed,,,0.5,primary,textid=40303,437,A
21194,33485,LITERARY,LI_PREAMBLE,為Y所著書作序,directed,852,,0.4,inferred,,32,A
21194,34916,KIN,K_CHILD,子,directed,,,1.0,inferred,,180,KIN
21194,92743,SOCIAL,SO_GIFT_POETRY,贈詩、文,directed,,,0.5,primary,textid=40303,437,A
21194,95068,SOCIAL,SO_CHANGHE,相唱和,undirected,,,0.6,primary,textid=9601,114,M
21751,33606,SOCIAL,SO_GIFT_POETRY,贈詩、文,directed,,,0.5,primary,textid=40303,437,A
21751,447567,SOCIAL,SO_GIFT_POETRY,贈詩、文,directed,,,0.5,primary,textid=40303,437,A
22057,17130,SOCIAL,SO_GIFT_POETRY,收到Y的贈詩、文,directed,,,0.5,primary,textid=40303,438,P
22469,3332,TEACHER_STUDENT,TS_STUDENT,學生為Y,directed,,,0.8,primary,textid=9602,23,P
22469,3332,KIN,K_OTHER,妻之叔伯,directed,,,0.7,primary,textid=24309,80,KIN
22469,93952,SOCIAL,SO_GIFT_POETRY,贈詩、文,directed,,,0.5,primary,textid=40303,437,A
22793,13060,SOCIAL,SO_GIFT_POETRY,收到Y的贈詩、文,directed,,,0.5,primary,textid=40303,438,P
24412,3332,SOCIAL,SO_GIFT_POETRY,收到Y的贈詩、文,directed,,,0.5,primary,textid=40303,438,P
24412,3915,SOCIAL,SO_GIFT_POETRY,收到Y的贈詩、文,directed,,,0.5,primary,textid=40303,438,P
24412,15161,SOCIAL,SO_GIFT_POETRY,收到Y的贈詩、文,directed,,,0.5,primary,textid=40303,438,P
24412,21194,SOCIAL,SO_GIFT_POETRY,收到Y的贈詩、文,directed,,,0.5,primary,textid=40303,438,P
24412,32054,SOCIAL,SO_GIFT_POETRY,贈詩、文,directed,,,0.5,primary,textid=40303,437,A
24412,32227,LITERARY,LI_EPITAPH,為Y作墓誌銘,directed,858,,0.4,inferred,,44,A
24412,32980,SOCIAL,SO_GIFT_POETRY,贈詩、文,directed,,,0.5,primary,textid=40303,437,A
24412,32985,SOCIAL,SO_GIFT_POETRY,贈詩、文,directed,,,0.5,primary,textid=40303,437,A
24412,33485,SOCIAL,SO_GIFT_POETRY,贈詩、文,directed,,,0.5,primary,textid=40303,437,A
24412,94717,SOCIAL,SO_GIFT_POETRY,贈詩、文,directed,,,0.5,primary,textid=40303,437,A
24412,447567,SOCIAL,SO_GIFT_POETRY,贈詩、文,directed,,,0.5,primary,textid=40303,437,A
24654,3605,COLLEAGUE,CL_SUPERIOR,上司為Y,directed,804,,0.8,inferred,,481,P
26935,19244,SOCIAL,SO_GIFT_POETRY,收到Y的贈詩、文,directed,,,0.5,primary,textid=40303,438,P
26935,94160,KIN,K_OTHER,孫,directed,,,0.7,primary,textid=24309,243,KIN
30851,3840,SOCIAL,SO_GIFT_POETRY,收到Y的贈詩、文,directed,,,0.5,primary,textid=40303,438,P
30851,3915,SOCIAL,SO_GIFT_POETRY,收到Y的贈詩、文,directed,,,0.5,primary,textid=40303,438,P
30851,15610,SOCIAL,SO_GIFT_POETRY,收到Y的贈詩、文,directed,,,0.5,primary,textid=40303,438,P
30851,32534,SOCIAL,SO_GIFT_POETRY,贈詩、文,directed,,,0.5,primary,textid=40303,437,A
30851,32540,SOCIAL,SO_TONGYOU,與Y旅遊,undirected,,,0.5,inferred,,555,M
30851,33062,SOCIAL,SO_GIFT_POETRY,贈詩、文,directed,,,0.5,primary,textid=40303,437,A
30851,93409,SOCIAL,SO_GIFT_POETRY,贈詩、文,directed,,,0.5,primary,textid=40303,437,A
30851,95025,SOCIAL,SO_GIFT_POETRY,贈詩、文,directed,,,0.5,primary,textid=40303,437,A
30938,13060,SOCIAL,SO_GIFT_POETRY,收到Y的贈詩、文,directed,,,0.5,primary,textid=40303,438,P
31066,19241,KIN,K_CHILD,子,directed,,,1.0,inferred,,180,KIN
31066,31068,KIN,K_SIBLING,兄弟,undirected,,,0.9,primary,textid=9601,118,KIN
31068,3685,SOCIAL,SO_GIFT_POETRY,收到Y的贈詩、文,directed,,,0.5,primary,textid=40303,438,P
31068,13060,SOCIAL,SO_GIFT_POETRY,收到Y的贈詩、文,directed,,,0.5,primary,textid=40303,438,P
31068,17130,SOCIAL,SO_GIFT_POETRY,收到Y的贈詩、文,directed,,,0.5,primary,textid=40303,438,P
31110,31560,COLLEAGUE,CL_TONGLIAO,同僚,undirected,,,0.8,primary,舊唐書,197,M
31143,31560,SOCIAL,SO_GIFT_POETRY,贈詩、文,directed,,,0.5,primary,textid=40303,437,A
31143,93663,POLITICAL,PO_OPPOSE,反對/不支持Y的政策,directed,,,0.3,primary,資治通鑑,136,A
31221,32847,POLITICAL,PO_OPPOSE,忌/惡,directed,756,,0.3,inferred,,83,A
31275,11605,SOCIAL,SO_GIFT_POETRY,收到Y的贈詩、文,directed,,,0.5,primary,textid=40303,438,P
31275,19244,SOCIAL,SO_GIFT_POETRY,收到Y的贈詩、文,directed,,,0.5,primary,textid=40303,438,P
31275,31407,SOCIAL,SO_GIFT_POETRY,贈詩、文,directed,,,0.5,primary,textid=40303,437,A
31312,11965,TEACHER_STUDENT,TS_STUDENT,學生為Y,directed,,,0.8,primary,textid=9602,23,P
31322,31367,SOCIAL,SO_GIFT_POETRY,贈詩、文,directed,,,0.5,primary,textid=40303,437,A
31322,31560,SOCIAL,SO_FRIEND,友,undirected,,,0.6,primary,新唐書,9,M
31322,31560,SOCIAL,SO_GIFT_POETRY,贈詩、文,directed,,,0.5,primary,textid=40303,437,A
31407,26935,LITERARY,LI_EPITAPH,墓誌銘由Y所作,directed,710,,0.4,inferred,,43,P
31407,31110,SOCIAL,SO_GIFT_POETRY,收到Y的贈詩、文,directed,,,0.5,primary,textid=9601,438,P
31407,31367,SOCIAL,SO_GIFT_POETRY,收到Y的贈詩、文,directed,,,0.5,primary,textid=40303,438,P
31407,31575,SOCIAL,SO_GIFT_POETRY,贈詩、文,directed,,,0.5,primary,textid=40303,437,A
31407,91931,LITERARY,LI_PREAMBLE,為Y所著書作序,directed,,,0.4,primary,textid=9601,32,A
31407,92452,SOCIAL,SO_GIFT_POETRY,贈詩、文,directed,,,0.5,primary,textid=40303,437,A
31560,11605,SOCIAL,SO_GIFT_POETRY,收到Y的贈詩、文,directed,,,0.5,primary,textid=40303,438,P
31560,31110,SOCIAL,SO_GIFT_POETRY,收到Y的贈詩、文,directed,,,0.5,primary,textid=40303,438,P
31560,31143,SOCIAL,SO_GIFT_POETRY,收到Y的贈詩、文,directed,,,0.5,primary,textid=40303,438,P
31560,31367,SOCIAL,SO_GIFT_POETRY,收到Y的贈詩、文,directed,,,0.5,primary,textid=40303,438,P
31560,32198,SOCIAL,SO_GIFT_POETRY,贈詩、文,directed,,,0.5,primary,textid=40303,437,A
31560,32593,SOCIAL,SO_FRIEND,友,undirected,,,0.6,primary,新唐書,9,M
31560,32593,COLLEAGUE,CL_TONGLIAO,同僚,undirected,,,0.8,primary,舊唐書,197,M
31560,32593,SOCIAL,SO_GIFT_POETRY,贈詩、文,directed,,,0.5,primary,textid=40303,437,A
31560,92452,SOCIAL,SO_FRIEND,友,undirected,,,0.6,primary,新唐書,9,M
31560,92452,SOCIAL,SO_GIFT_POETRY,贈詩、文,directed,,,0.5,primary,textid=40303,437,A
31560,447292,SOCIAL,SO_GIFT_POETRY,贈詩、文,directed,,,0.5,primary,textid=40303,437,A
31575,19241,SOCIAL,SO_GIFT_POETRY,收到Y的贈詩、文,directed,,,0.5,primary,textid=40303,438,P
31575,31143,SOCIAL,SO_GIFT_POETRY,收到Y的贈詩、文,directed,,,0.5,primary,textid=40303,438,P
31575,32593,SOCIAL,SO_GIFT_POETRY,贈詩、文,directed,,,0.5,primary,textid=40303,437,A
31575,92452,SOCIAL,SO_GIFT_POETRY,贈詩、文,directed,,,0.5,primary,textid=40303,437,A
32054,32227,SOCIAL,SO_GIFT_POETRY,贈詩、文,directed,,,0.5,primary,textid=40303,437,A
32054,95068,SOCIAL,SO_CHANGHE,相唱和,undirected,,,0.6,primary,textid=9601,114,M
32174,3130,SOCIAL,SO_GIFT_POETRY,收到Y的贈詩、文,directed,734,,0.5,primary,textid=60019,438,P
32174,19244,SOCIAL,SO_GIFT_POETRY,收到Y的贈詩、文,directed,,,0.5,primary,textid=40303,438,P
32174,31221,SOCIAL,SO_GIFT_POETRY,收到Y的贈詩、文,directed,,,0.5,primary,textid=40303,438,P
32174,32534,SOCIAL,SO_GIFT_POETRY,贈詩、文,directed,,,0.5,primary,textid=40303,437,A
32174,93956,SOCIAL,SO_GIFT_POETRY,贈詩、文,directed,729,,0.5,primary,textid=60019,437,A
32198,19214,SOCIAL,SO_GIFT_POETRY,收到Y的贈詩、文,directed,,,0.5,primary,textid=40303,438,P
32198,19241,SOCIAL,SO_GIFT_POETRY,收到Y的贈詩、文,directed,,,0.5,primary,textid=40303,438,P
32198,31367,SOCIAL,SO_GIFT_POETRY,收到Y的贈詩、文,directed,,,0.5,primary,textid=40303,438,P
32198,32593,SOCIAL,SO_GIFT_POETRY,贈詩、文,directed,,,0.5,primary,textid=40303,437,A
32198,92452,SOCIAL,SO_GIFT_POETRY,贈詩、文,directed,,,0.5,primary,textid=40303,437,A
32198,447292,SOCIAL,SO_GIFT_POETRY,贈詩、文,directed,,,0.5,primary,textid=40303,437,A
32227,3915,SOCIAL,SO_GIFT_POETRY,收到Y的贈詩、文,directed,,,0.5,primary,textid=40303,438,P
32227,13575,SOCIAL,SO_GIFT_POETRY,收到Y的贈詩、文,directed,,,0.5,primary,textid=40303,438,P
32227,15161,SOCIAL,SO_GIFT_POETRY,收到Y的贈詩、文,directed,,,0.5,primary,textid=40303,438,P
32227,24654,SOCIAL,SO_GIFT_POETRY,收到Y的贈詩、文,directed,,,0.5,primary,textid=40303,438,P
32227,32054,SOCIAL,SO_GIFT_POETRY,收到Y的贈詩、文,directed,,,0.5,primary,textid=40303,438,P
32227,32248,SOCIAL,SO_FRIEND,友,undirected,,,0.6,inferred,,9,M
32227,32248,COLLEAGUE,CL_TONGNIAN,同年友,undirected,,,0.7,primary,舊唐書,10,M
32227,32248,LITERARY,LI_EPITAPH,為Y作墓誌銘,directed,831,,0.4,inferred,,44,A
32227,32248,LITERARY,LI_EULOGY,為Y作祭文,directed,,,0.4,inferred,,145,A
32227,32248,LITERARY,LI_LETTER,致書Y,directed,,,0.4,inferred,,429,A
32227,32248,SOCIAL,SO_GIFT_POETRY,贈詩、文,directed,,,0.5,primary,textid=40303,437,A
32227,32540,SOCIAL,SO_GIFT_POETRY,贈詩、文,directed,,,0.5,primary,textid=40303,437,A
32227,32822,SOCIAL,SO_GIFT_POETRY,贈詩、文,directed,,,0.5,primary,textid=40303,437,A
32227,32980,SOCIAL,SO_GIFT_POETRY,贈詩、文,directed,,,0.5,primary,textid=40303,437,A
32227,33589,SOCIAL,SO_GIFT_POETRY,贈詩、文,directed,,,0.5,primary,textid=40303,437,A
32227,33606,SOCIAL,SO_FRIEND,友,undirected,,,0.6,inferred,,9,M
32227,33606,LITERARY,LI_LETTER,致書Y,directed,,,0.4,inferred,,429,A
32227,33606,SOCIAL,SO_GIFT_POETRY,贈詩、文,directed,,,0.5,primary,textid=40303,437,A
32227,92047,SOCIAL,SO_GIFT_POETRY,贈詩、文,directed,,,0.5,primary,textid=40303,437,A
32227,92982,COLLEAGUE,CL_TONGLIAO,同僚,undirected,,,0.8,inferred,,197,M
32227,92982,SOCIAL,SO_GIFT_POETRY,贈詩、文,directed,,,0.5,primary,textid=40303,437,A
32227,93956,SOCIAL,SO_GIFT_POETRY,贈詩、文,directed,,,0.5,primary,textid=40303,437,A
32227,94116,SOCIAL,SO_GIFT_POETRY,贈詩、文,directed,,,0.5,primary,textid=40303,437,A
32227,95068,SOCIAL,SO_CHANGHE,相唱和,undirected,,,0.6,primary,textid=9601,114,M
32227,95068,SOCIAL,SO_GIFT_POETRY,贈詩、文,directed,,,0.5,primary,textid=40303,437,A
32227,445983,SOCIAL,SO_GIFT_POETRY,贈詩、文,directed,,,0.5,primary,白氏長慶集,437,A
32248,3332,SOCIAL,SO_GIFT_POETRY,收到Y的贈詩、文,directed,,,0.5,primary,textid=40303,438,P
32248,3915,LITERARY,LI_EPITAPH,墓誌銘由Y所作,directed,770,,0.4,inferred,,43,P
32248,3915,SOCIAL,SO_GIFT_POETRY,收到Y的贈詩、文,directed,,,0.5,primary,textid=40303,438,P
32248,13624,SOCIAL,SO_GIFT_POETRY,收到Y的贈詩、文,directed,,,0.5,primary,textid=40303,438,P
32248,32227,LITERARY,LI_PREAMBLE,書序由Y所作,directed,,,0.4,primary,元氏長慶集,33,P
32248,32227,SOCIAL,SO_GIFT_POETRY,收到Y的贈詩、文,directed,,,0.5,primary,textid=40303,438,P
32248,33606,SOCIAL,SO_FRIEND,友,undirected,,,0.6,primary,textid=9602,9,M
32248,92452,SOCIAL,SO_GIFT_POETRY,贈詩、文,directed,,,0.5,primary,textid=40303,437,A
32248,92516,SOCIAL,SO_GIFT_POETRY,贈詩、文,directed,,,0.5,primary,textid=40303,437,A
32248,92982,SOCIAL,SO_FRIEND,友,undirected,,,0.6,primary,textid=9602,9,M
32248,92982,SOCIAL,SO_GIFT_POETRY,贈詩、文,directed,,,0.5,primary,textid=40303,437,A
32248,95068,SOCIAL,SO_FRIEND,友,undirected,,,0.6,primary,textid=9602,9,M
32248,95068,SOCIAL,SO_CHANGHE,相唱和,undirected,,,0.6,primary,textid=9601,114,M
32248,95210,KIN,K_OTHER,表姐妹,directed,,,0.7,primary,textid=9601,414,KIN
32534,19244,SOCIAL,SO_GIFT_POETRY,收到Y的贈詩、文,directed,,,0.5,primary,textid=40303,438,P
32540,3915,SOCIAL,SO_GIFT_POETRY,收到Y的贈詩、文,directed,,,0.5,primary,textid=25640,438,P
32540,11605,SOCIAL,SO_GIFT_POETRY,收到Y的贈詩、文,directed,,,0.5,primary,textid=40303,438,P
32540,19244,SOCIAL,SO_GIFT_POETRY,收到Y的贈詩、文,directed,,,0.5,primary,textid=40303,438,P
32540,30851,SOCIAL,SO_GIFT_POETRY,收到Y的贈詩、文,directed,,,0.5,primary,textid=40303,438,P
32540,31222,SOCIAL,SO_GIFT_POETRY,收到Y的贈詩、文,directed,,,0.5,primary,textid=40303,438,P
32540,31407,SOCIAL,SO_GIFT_POETRY,收到Y的贈詩、文,directed,,,0.5,primary,textid=40303,438,P
32540,33062,SOCIAL,SO_GIFT_POETRY,贈詩、文,directed,,,0.5,primary,textid=40303,437,A
32540,92035,SOCIAL,SO_GIFT_POETRY,贈詩、文,directed,,,0.5,primary,textid=40303,437,A
32540,93956,SOCIAL,SO_GIFT_POETRY,贈詩、文,directed,,,0.5,primary,textid=40303,437,A
32540,95025,SOCIAL,SO_GIFT_POETRY,贈詩、文,directed,,,0.5,primary,textid=40303,437,A
32540,146097,SOCIAL,SO_GIFT_POETRY,贈詩、文,directed,,,0.5,primary,textid=40303,437,A
32583,11524,SOCIAL,SO_GIFT_POETRY,收到Y的贈詩、文,directed,,,0.5,primary,textid=40303,438,P
32583,20876,SOCIAL,SO_GIFT_POETRY,收到Y的贈詩、文,directed,,,0.5,primary,textid=40303,438,P
32583,30851,SOCIAL,SO_GIFT_POETRY,收到Y的贈詩、文,directed,,,0.5,primary,textid=40303,438,P
32583,92035,SOCIAL,SO_GIFT_POETRY,贈詩、文,directed,,,0.5,primary,textid=40303,437,A
32583,95025,SOCIAL,SO_GIFT_POETRY,贈詩、文,directed,,,0.5,primary,textid=40303,437,A
32593,3915,KIN,K_OTHER,孫,directed,,,0.7,primary,textid=24309,243,KIN
32593,19214,SOCIAL,SO_GIFT_POETRY,收到Y的贈詩、文,directed,,,0.5,primary,textid=40303,438,P
32593,19241,SOCIAL,SO_GIFT_POETRY,收到Y的贈詩、文,directed,,,0.5,primary,textid=40303,438,P
32593,31367,SOCIAL,SO_GIFT_POETRY,收到Y的贈詩、文,directed,,,0.5,primary,textid=40303,438,P
32593,447292,SOCIAL,SO_GIFT_POETRY,贈詩、文,directed,,,0.5,primary,textid=40303,437,A
32822,92161,KIN,K_OTHER,孫,directed,,,0.7,primary,textid=24309,243,KIN
32822,94595,SOCIAL,SO_GIFT_POETRY,贈詩、文,directed,,,0.5,primary,textid=40303,437,A
32847,19244,SOCIAL,SO_GIFT_POETRY,收到Y的贈詩、文,directed,,,0.5,primary,textid=40303,438,P
32847,31221,SOCIAL,SO_GIFT_POETRY,收到Y的贈詩、文,directed,,,0.5,primary,textid=40303,438,P
32847,31407,SOCIAL,SO_GIFT_POETRY,收到Y的贈詩、文,directed,,,0.5,primary,textid=40303,438,P
32917,30851,SOCIAL,SO_GIFT_POETRY,收到Y的贈詩、文,directed,,,0.5,primary,textid=40303,438,P
32917,32583,SOCIAL,SO_GIFT_POETRY,收到Y的贈詩、文,directed,,,0.5,primary,textid=40303,438,P
32980,32227,SOCIAL,SO_GIFT_POETRY,收到Y的贈詩、文,directed,,,0.5,primary,textid=40303,438,P
32980,32985,KIN,K_CHILD,次子,directed,,,1.0,inferred,,183,KIN
32980,33606,SOCIAL,SO_FRIEND,友,undirected,,,0.6,primary,textid=9602,9,M
32980,33606,SOCIAL,SO_GIFT_POETRY,贈詩、文,directed,,,0.5,primary,textid=40303,437,A
32980,95068,SOCIAL,SO_CHANGHE,相唱和,undirected,,,0.6,primary,textid=9601,114,M
32980,447419,SOCIAL,SO_GIFT_POETRY,贈詩、文,directed,,,0.5,primary,textid=40303,437,A
32985,32980,KIN,K_PARENT,父,directed,,,1.0,primary,textid=24309,75,KIN
33062,379873,SOCIAL,SO_GIFT_POETRY,贈詩、文,directed,,,0.5,primary,textid=40303,437,A
33485,3332,SOCIAL,SO_GIFT_POETRY,收到Y的贈詩、文,directed,,,0.5,primary,textid=40303,438,P
33485,94116,SOCIAL,SO_GIFT_POETRY,贈詩、文,directed,,,0.5,primary,textid=40303,437,A
33485,445983,SOCIAL,SO_GIFT_POETRY,贈詩、文,directed,,,0.5,primary,textid=40303,437,A
33566,11524,SOCIAL,SO_GIFT_POETRY,收到Y的贈詩、文,directed,,,0.5,primary,textid=40303,438,P
33566,13575,SOCIAL,SO_GIFT_POETRY,收到Y的贈詩、文,directed,,,0.5,primary,textid=40303,438,P
33566,30851,SOCIAL,SO_GIFT_POETRY,收到Y的贈詩、文,directed,,,0.5,primary,textid=40303,438,P
33566,32540,SOCIAL,SO_GIFT_POETRY,收到Y的贈詩、文,directed,,,0.5,primary,textid=40303,438,P
33566,32889,SOCIAL,SO_GIFT_POETRY,收到Y的贈詩、文,directed,,,0.5,primary,textid=40303,438,P
33566,32917,SOCIAL,SO_GIFT_POETRY,收到Y的贈詩、文,directed,,,0.5,primary,textid=40303,438,P
33566,33859,SOCIAL,SO_GIFT_POETRY,贈詩、文,directed,,,0.5,primary,textid=40303,437,A
33566,95071,SOCIAL,SO_GIFT_POETRY,贈詩、文,directed,,,0.5,primary,textid=40303,437,A
33566,146097,SOCIAL,SO_GIFT_POETRY,贈詩、文,directed,,,0.5,primary,textid=40303,437,A
33589,94227,SOCIAL,SO_FRIEND,友,undirected,,,0.6,primary,textid=9602,9,M
33606,3130,SOCIAL,SO_GIFT_POETRY,收到Y的贈詩、文,directed,,,0.5,primary,textid=40303,438,P
33606,3332,SOCIAL,SO_GIFT_POETRY,收到Y的贈詩、文,directed,,,0.5,primary,textid=40303,438,P
33606,3605,LITERARY,LI_EULOGY,祭文由Y所作,directed,,,0.4,inferred,,146,P
33606,3605,SOCIAL,SO_GIFT_POETRY,收到Y的贈詩、文,directed,,,0.5,primary,textid=40303,438,P
33606,13575,SOCIAL,SO_GIFT_POETRY,收到Y的贈詩、文,directed,,,0.5,primary,textid=40303,438,P
33606,15161,SOCIAL,SO_GIFT_POETRY,收到Y的贈詩、文,directed,,,0.5,primary,textid=40303,438,P
33606,19244,SOCIAL,SO_GIFT_POETRY,收到Y的贈詩、文,directed,,,0.5,primary,textid=40303,438,P
33606,24654,SOCIAL,SO_GIFT_POETRY,收到Y的贈詩、文,directed,,,0.5,primary,textid=40303,438,P
33606,32054,SOCIAL,SO_GIFT_POETRY,收到Y的贈詩、文,directed,,,0.5,primary,textid=40303,438,P
33606,32227,SOCIAL,SO_GIFT_POETRY,收到Y的贈詩、文,directed,,,0.5,primary,textid=40303,438,P
33606,32248,SOCIAL,SO_GIFT_POETRY,收到Y的贈詩、文,directed,,,0.5,primary,textid=40303,438,P
33606,92047,SOCIAL,SO_GIFT_POETRY,贈詩、文,directed,,,0.5,primary,textid=40303,437,A
33606,92516,SOCIAL,SO_GIFT_POETRY,贈詩、文,directed,,,0.5,primary,textid=40303,437,A
33606,92982,SOCIAL,SO_GIFT_POETRY,贈詩、文,directed,,,0.5,primary,textid=40303,437,A
33606,94160,SOCIAL,SO_GIFT_POETRY,贈詩、文,directed,,,0.5,primary,textid=40303,437,A
33606,95068,SOCIAL,SO_GIFT_POETRY,贈詩、文,directed,,,0.5,primary,textid=40303,437,A
33649,3915,SOCIAL,SO_GIFT_POETRY,收到Y的贈詩、文,directed,,,0.5,primary,textid=40303,438,P
33649,15161,SOCIAL,SO_GIFT_POETRY,收到Y的贈詩、文,directed,,,0.5,primary,textid=40303,438,P
33649,17029,SOCIAL,SO_GIFT_POETRY,收到Y的贈詩、文,directed,,,0.5,primary,textid=40303,438,P
33649,32227,SOCIAL,SO_GIFT_POETRY,收到Y的贈詩、文,directed,,,0.5,primary,textid=40303,438,P
33649,32248,SOCIAL,SO_GIFT_POETRY,收到Y的贈詩、文,directed,,,0.5,primary,textid=40303,438,P
33649,33606,SOCIAL,SO_GIFT_POETRY,收到Y的贈詩、文,directed,,,0.5,primary,textid=40303,438,P
33649,33753,SOCIAL,SO_GIFT_POETRY,贈詩、文,directed,,,0.5,primary,textid=40303,437,A
33649,92035,SOCIAL,SO_GIFT_POETRY,贈詩、文,directed,,,0.5,primary,textid=40303,437,A
33649,93080,SOCIAL,SO_GIFT_POETRY,贈詩、文,directed,,,0.5,primary,textid=40303,437,A
33649,93956,SOCIAL,SO_GIFT_POETRY,贈詩、文,directed,,,0.5,primary,textid=40303,437,A
33651,19241,SOCIAL,SO_GIFT_POETRY,收到Y的贈詩、文,directed,,,0.5,primary,textid=40303,438,P
33651,30982,SOCIAL,SO_GIFT_POETRY,收到Y的贈詩、文,directed,,,0.5,primary,textid=40303,438,P
33753,3702,SOCIAL,SO_GIFT_POETRY,收到Y的贈詩、文,directed,,,0.5,primary,textid=40303,438,P
33753,31322,SOCIAL,SO_GIFT_POETRY,收到Y的贈詩、文,directed,,,0.5,primary,textid=40303,438,P
33753,93246,SOCIAL,SO_GIFT_POETRY,贈詩、文,directed,,,0.5,primary,textid=40303,437,A
33859,94595,SOCIAL,SO_GIFT_POETRY,贈詩、文,directed,,,0.5,primary,textid=40303,437,A
33859,95025,SOCIAL,SO_GIFT_POETRY,贈詩、文,directed,,,0.5,primary,textid=40303,437,A
34916,3915,SOCIAL,SO_GIFT_POETRY,收到Y的贈詩、文,directed,,,0.5,primary,textid=40303,438,P
34916,17029,SOCIAL,SO_GIFT_POETRY,收到Y的贈詩、文,directed,,,0.5,primary,textid=40303,438,P
34916,21194,SOCIAL,SO_GIFT_POETRY,收到Y的贈詩、文,directed,,,0.5,primary,textid=40303,438,P
34916,21194,KIN,K_PARENT,父,directed,,,1.0,inferred,,75,KIN
34916,32540,SOCIAL,SO_GIFT_POETRY,收到Y的贈詩、文,directed,,,0.5,primary,textid=40303,438,P
34916,33649,SOCIAL,SO_GIFT_POETRY,收到Y的贈詩、文,directed,,,0.5,primary,textid=40303,438,P
34916,92673,SOCIAL,SO_GIFT_POETRY,贈詩、文,directed,,,0.5,primary,textid=40303,437,A
34916,94227,SOCIAL,SO_GIFT_POETRY,贈詩、文,directed,,,0.5,primary,textid=40303,437,A
36130,32540,SOCIAL,SO_GIFT_POETRY,收到Y的贈詩、文,directed,,,0.5,primary,textid=40303,438,P
36130,32985,SOCIAL,SO_GIFT_POETRY,收到Y的贈詩、文,directed,,,0.5,primary,textid=40303,438,P
36130,94160,SOCIAL,SO_GIFT_POETRY,贈詩、文,directed,,,0.5,primary,textid=40303,437,A
91931,19241,SOCIAL,SO_GIFT_POETRY,收到Y的贈詩、文,directed,,,0.5,primary,textid=40303,438,P
91975,30851,SOCIAL,SO_GIFT_POETRY,收到Y的贈詩、文,directed,,,0.5,primary,textid=40303,438,P
91975,92035,SOCIAL,SO_GIFT_POETRY,贈詩、文,directed,,,0.5,primary,textid=40303,437,A
92035,3130,SOCIAL,SO_GIFT_POETRY,收到Y的贈詩、文,directed,,,0.5,primary,textid=40303,438,P
92035,11524,SOCIAL,SO_GIFT_POETRY,收到Y的贈詩、文,directed,,,0.5,primary,textid=40303,438,P
92035,19244,SOCIAL,SO_GIFT_POETRY,收到Y的贈詩、文,directed,,,0.5,primary,textid=40303,438,P
92035,32174,SOCIAL,SO_GIFT_POETRY,收到Y的贈詩、文,directed,,,0.5,primary,textid=40303,438,P
92047,24654,SOCIAL,SO_GIFT_POETRY,收到Y的贈詩、文,directed,,,0.5,primary,textid=40303,438,P
92047,32534,SOCIAL,SO_GIFT_POETRY,收到Y的贈詩、文,directed,,,0.5,primary,textid=40303,438,P
92047,32980,SOCIAL,SO_GIFT_POETRY,收到Y的贈詩、文,directed,,,0.5,primary,textid=40303,438,P
92047,93347,SOCIAL,SO_GIFT_POETRY,贈詩、文,directed,,,0.5,primary,textid=40303,437,A
92047,93348,SOCIAL,SO_GIFT_POETRY,贈詩、文,directed,,,0.5,primary,textid=40303,437,A
92047,93952,SOCIAL,SO_GIFT_POETRY,贈詩、文,directed,,,0.5,primary,textid=40303,437,A
92047,94227,SOCIAL,SO_FRIEND,友,undirected,,,0.6,primary,textid=9602,9,M
92047,95068,SOCIAL,SO_GIFT_POETRY,贈詩、文,directed,,,0.5,primary,textid=40303,437,A
92047,447419,SOCIAL,SO_GIFT_POETRY,贈詩、文,directed,,,0.5,primary,textid=40303,437,A
92147,13575,SOCIAL,SO_GIFT_POETRY,收到Y的贈詩、文,directed,,,0.5,primary,textid=40303,438,P
92147,33485,SOCIAL,SO_GIFT_POETRY,收到Y的贈詩、文,directed,,,0.5,primary,textid=40303,438,P
92147,94160,SOCIAL,SO_GIFT_POETRY,贈詩、文,directed,,,0.5,primary,textid=40303,437,A
92147,94227,SOCIAL,SO_GIFT_POETRY,贈詩、文,directed,,,0.5,primary,textid=40303,437,A
92147,94227,KIN,K_OTHER,從兄,directed,,,0.7,primary,textid=24309,131,KIN
92161,32540,SOCIAL,SO_GIFT_POETRY,收到Y的贈詩、文,directed,,,0.5,primary,textid=40303,438,P
92161,32822,KIN,K_OTHER,祖父,directed,,,0.7,primary,textid=24309,62,KIN
92161,34916,SOCIAL,SO_GIFT_POETRY,收到Y的贈詩、文,directed,,,0.5,primary,textid=40303,438,P
92161,92673,SOCIAL,SO_GIFT_POETRY,贈詩、文,directed,,,0.5,primary,textid=40303,437,A
92161,92743,SOCIAL,SO_GIFT_POETRY,贈詩、文,directed,,,0.5,primary,textid=40303,437,A
92161,93832,SOCIAL,SO_GIFT_POETRY,贈詩、文,directed,,,0.5,primary,textid=40303,437,A
92161,95071,SOCIAL,SO_GIFT_POETRY,贈詩、文,directed,,,0.5,primary,textid=40303,437,A
92452,32540,POLITICAL,PO_ADMIRE,被Y欣賞/器重,directed,,,0.5,primary,textid=25640,17,P
92516,3605,SOCIAL,SO_GIFT_POETRY,收到Y的贈詩、文,directed,,,0.5,primary,textid=40303,438,P
92516,24654,SOCIAL,SO_GIFT_POETRY,收到Y的贈詩、文,directed,,,0.5,primary,textid=40303,438,P
92516,91931,SOCIAL,SO_GIFT_POETRY,收到Y的贈詩、文,directed,,,0.5,primary,textid=40303,438,P
92673,13575,SOCIAL,SO_GIFT_POETRY,收到Y的贈詩、文,directed,,,0.5,primary,textid=40303,438,P
92673,92147,SOCIAL,SO_GIFT_POETRY,收到Y的贈詩、文,directed,,,0.5,primary,textid=40303,438,P
92673,94160,SOCIAL,SO_GIFT_POETRY,贈詩、文,directed,,,0.5,primary,textid=40303,437,A
92673,94227,SOCIAL,SO_GIFT_POETRY,贈詩、文,directed,,,0.5,primary,textid=40303,437,A
92673,94864,SOCIAL,SO_GIFT_POETRY,贈詩、文,directed,,,0.5,primary,textid=40303,437,A
92673,447419,SOCIAL,SO_GIFT_POETRY,贈詩、文,directed,,,0.5,primary,textid=40303,437,A
92743,32227,SOCIAL,SO_GIFT_POETRY,收到Y的贈詩、文,directed,,,0.5,primary,textid=40303,438,P
92743,32540,SOCIAL,SO_GIFT_POETRY,收到Y的贈詩、文,directed,,,0.5,primary,textid=40303,438,P
92899,13060,SOCIAL,SO_GIFT_POETRY,收到Y的贈詩、文,directed,,,0.5,primary,textid=40303,438,P
92899,31066,SOCIAL,SO_GIFT_POETRY,收到Y的贈詩、文,directed,,,0.5,primary,textid=40303,438,P
92982,15161,SOCIAL,SO_GIFT_POETRY,收到Y的贈詩、文,directed,,,0.5,primary,textid=40303,438,P
92982,21194,SOCIAL,SO_GIFT_POETRY,收到Y的贈詩、文,directed,,,0.5,primary,textid=40303,438,P
92982,32054,SOCIAL,SO_GIFT_POETRY,收到Y的贈詩、文,directed,,,0.5,primary,textid=40303,438,P
92982,32227,SOCIAL,SO_GIFT_POETRY,收到Y的贈詩、文,directed,,,0.5,primary,textid=40303,438,P
92982,32822,SOCIAL,SO_GIFT_POETRY,收到Y的贈詩、文,directed,,,0.5,primary,textid=40303,438,P
92982,32917,SOCIAL,SO_GIFT_POETRY,收到Y的贈詩、文,directed,,,0.5,primary,textid=40303,438,P
92982,33606,SOCIAL,SO_GIFT_POETRY,收到Y的贈詩、文,directed,,,0.5,primary,textid=40303,438,P
92982,95210,SOCIAL,SO_GIFT_POETRY,贈詩、文,directed,,,0.5,primary,textid=40303,437,A
93080,92743,SOCIAL,SO_GIFT_POETRY,收到Y的贈詩、文,directed,,,0.5,primary,textid=40303,438,P
93080,94160,KIN,K_AFFINAL,岳父,directed,,,0.7,primary,textid=24309,76,KIN
93080,94227,SOCIAL,SO_GIFT_POETRY,贈詩、文,directed,,,0.5,primary,textid=40303,437,A
93246,3702,SOCIAL,SO_GIFT_POETRY,收到Y的贈詩、文,directed,,,0.5,primary,textid=40303,438,P
93246,17029,SOCIAL,SO_GIFT_POETRY,收到Y的贈詩、文,directed,,,0.5,primary,textid=40303,438,P
93246,32540,LITERARY,LI_STYLE,文風為Y所稱道,directed,,,0.4,primary,textid=26199,173,P
93246,33649,SOCIAL,SO_GIFT_POETRY,收到Y的贈詩、文,directed,,,0.5,primary,textid=40303,438,P
93246,94717,SOCIAL,SO_GIFT_POETRY,贈詩、文,directed,,,0.5,primary,textid=40303,437,A
93347,93348,KIN,K_SIBLING,妹,undirected,,,0.9,primary,textid=24309,169,KIN
93663,3840,POLITICAL,PO_ADMIRE,被Y欣賞/器重,directed,,,0.5,primary,資治通鑑,17,P
93663,13060,KIN,K_AFFINAL,翁;公公;丈夫之父,directed,,,0.7,inferred,,395,KIN
93663,19244,KIN,K_OTHER,孫,directed,,,0.7,inferred,,243,KIN
93663,31322,POLITICAL,PO_ADMIRE,被Y欣賞/器重,directed,,,0.5,primary,舊唐書,17,P
93663,31560,LITERARY,LI_PRAISE_POETRY,詩作為Y所稱道,directed,,,0.4,primary,舊唐書,70,P
93663,91931,POLITICAL,PO_ADMIRE,被Y欣賞/器重,directed,,,0.5,primary,資治通鑑,17,P
93785,17029,SOCIAL,SO_GIFT_POETRY,收到Y的贈詩、文,directed,,,0.5,primary,textid=40303,438,P
93785,94160,SOCIAL,SO_GIFT_POETRY,贈詩、文,directed,,,0.5,primary,textid=40303,437,A
93785,94227,SOCIAL,SO_GIFT_POETRY,贈詩、文,directed,,,0.5,primary,textid=40303,437,A
93785,94595,SOCIAL,SO_GIFT_POETRY,贈詩、文,directed,,,0.5,primary,textid=40303,437,A
93803,447567,SOCIAL,SO_GIFT_POETRY,贈詩、文,directed,,,0.5,primary,textid=40303,437,A
93832,3915,SOCIAL,SO_GIFT_POETRY,收到Y的贈詩、文,directed,,,0.5,primary,textid=40303,438,P
93832,17029,SOCIAL,SO_GIFT_POETRY,收到Y的贈詩、文,directed,,,0.5,primary,textid=40303,438,P
93832,32540,SOCIAL,SO_GIFT_POETRY,收到Y的贈詩、文,directed,,,0.5,primary,textid=40303,438,P
93832,93080,SOCIAL,SO_GIFT_POETRY,收到Y的贈詩、文,directed,,,0.5,primary,textid=40303,438,P
93832,94227,SOCIAL,SO_GIFT_POETRY,贈詩、文,directed,,,0.5,primary,textid=40303,437,A
93832,95071,SOCIAL,SO_GIFT_POETRY,贈詩、文,directed,,,0.5,primary,textid=40303,437,A
93952,3332,SOCIAL,SO_GIFT_POETRY,收到Y的贈詩、文,directed,,,0.5,primary,textid=40303,438,P
93952,13575,SOCIAL,SO_GIFT_POETRY,收到Y的贈詩、文,directed,,,0.5,primary,textid=40303,438,P
93952,22469,SOCIAL,SO_GIFT_POETRY,收到Y的贈詩、文,directed,,,0.5,primary,textid=40303,438,P
93952,32822,SOCIAL,SO_GIFT_POETRY,收到Y的贈詩、文,directed,,,0.5,primary,textid=40303,438,P
93952,33859,SOCIAL,SO_GIFT_POETRY,收到Y的贈詩、文,directed,,,0.5,primary,textid=40303,438,P
93952,94227,SOCIAL,SO_FRIEND,友,undirected,,,0.6,primary,textid=9602,9,M
93952,94227,SOCIAL,SO_GIFT_POETRY,贈詩、文,directed,,,0.5,primary,textid=40303,437,A
93952,94595,SOCIAL,SO_GIFT_POETRY,贈詩、文,directed,,,0.5,primary,textid=40303,437,A
93952,445983,SOCIAL,SO_GIFT_POETRY,贈詩、文,directed,,,0.5,primary,textid=40303,437,A
93956,3130,SOCIAL,SO_GIFT_POETRY,收到Y的贈詩、文,directed,,,0.5,primary,textid=40303,438,P
93956,26935,SOCIAL,SO_GIFT_POETRY,收到Y的贈詩、文,directed,,,0.5,primary,textid=40303,438,P
93956,31407,SOCIAL,SO_GIFT_POETRY,收到Y的贈詩、文,directed,,,0.5,primary,textid=40303,438,P
93956,32174,SOCIAL,SO_GIFT_POETRY,收到Y的贈詩、文,directed,,,0.5,primary,textid=40303,438,P
93956,92035,SOCIAL,SO_GIFT_POETRY,收到Y的贈詩、文,directed,,,0.5,primary,textid=40303,438,P
93956,93952,SOCIAL,SO_GIFT_POETRY,收到Y的贈詩、文,directed,,,0.5,primary,textid=40303,438,P
94116,3332,TEACHER_STUDENT,TS_STUDENT,學生為Y,directed,,,0.8,primary,textid=9602,23,P
94116,3605,LITERARY,LI_EULOGY,祭文由Y所作,directed,,,0.4,inferred,,146,P
94116,32889,SOCIAL,SO_GIFT_POETRY,收到Y的贈詩、文,directed,,,0.5,primary,textid=40303,438,P
94160,3332,SOCIAL,SO_GIFT_POETRY,收到Y的贈詩、文,directed,,,0.5,primary,textid=40303,438,P
94160,13575,SOCIAL,SO_GIFT_POETRY,收到Y的贈詩、文,directed,,,0.5,primary,textid=40303,438,P
94160,15161,SOCIAL,SO_GIFT_POETRY,收到Y的贈詩、文,directed,,,0.5,primary,textid=40303,438,P
94160,26935,KIN,K_OTHER,祖父,directed,,,0.7,primary,textid=24309,62,KIN
94160,32227,SOCIAL,SO_GIFT_POETRY,收到Y的贈詩、文,directed,,,0.5,primary,textid=40303,438,P
94160,32980,SOCIAL,SO_GIFT_POETRY,收到Y的贈詩、文,directed,,,0.5,primary,textid=40303,438,P
94160,33649,SOCIAL,SO_GIFT_POETRY,收到Y的贈詩、文,directed,,,0.5,primary,textid=40303,438,P
94160,92047,SOCIAL,SO_GIFT_POETRY,收到Y的贈詩、文,directed,,,0.5,primary,textid=40303,438,P
94160,92982,SOCIAL,SO_GIFT_POETRY,收到Y的贈詩、文,directed,,,0.5,primary,textid=40303,438,P
94160,93080,SOCIAL,SO_GIFT_POETRY,收到Y的贈詩、文,directed,,,0.5,primary,textid=40303,438,P
94160,93080,KIN,K_AFFINAL,女婿,directed,,,0.7,primary,textid=24309,181,KIN
94160,94227,SOCIAL,SO_FRIEND,友,undirected,,,0.6,primary,textid=9602,9,M
94160,94227,SOCIAL,SO_GIFT_POETRY,贈詩、文,directed,,,0.5,primary,textid=40303,437,A
94160,94864,SOCIAL,SO_GIFT_POETRY,贈詩、文,directed,,,0.5,primary,textid=40303,437,A
94160,447419,SOCIAL,SO_GIFT_POETRY,贈詩、文,directed,,,0.5,primary,textid=40303,437,A
94183,3915,SOCIAL,SO_GIFT_POETRY,收到Y的贈詩、文,directed,,,0.5,primary,textid=40303,438,P
94183,17029,SOCIAL,SO_GIFT_POETRY,收到Y的贈詩、文,directed,,,0.5,primary,textid=40303,438,P
94183,19244,SOCIAL,SO_GIFT_POETRY,收到Y的贈詩、文,directed,,,0.5,primary,textid=40303,438,P
94183,21751,SOCIAL,SO_GIFT_POETRY,收到Y的贈詩、文,directed,,,0.5,primary,textid=40303,438,P
94183,26935,SOCIAL,SO_GIFT_POETRY,收到Y的贈詩、文,directed,,,0.5,primary,textid=40303,438,P
94183,33649,SOCIAL,SO_GIFT_POETRY,收到Y的贈詩、文,directed,,,0.5,primary,textid=40303,438,P
94183,92047,SOCIAL,SO_GIFT_POETRY,收到Y的贈詩、文,directed,,,0.5,primary,textid=40303,438,P
94183,92161,SOCIAL,SO_GIFT_POETRY,收到Y的贈詩、文,directed,,,0.5,primary,textid=40303,438,P
94183,92673,SOCIAL,SO_GIFT_POETRY,收到Y的贈詩、文,directed,,,0.5,primary,textid=40303,438,P
94183,93080,SOCIAL,SO_GIFT_POETRY,收到Y的贈詩、文,directed,,,0.5,primary,textid=40303,438,P
94183,93246,SOCIAL,SO_GIFT_POETRY,收到Y的贈詩、文,directed,,,0.5,primary,textid=40303,438,P
94183,93952,SOCIAL,SO_GIFT_POETRY,收到Y的贈詩、文,directed,,,0.5,primary,textid=40303,438,P
94183,93956,SOCIAL,SO_GIFT_POETRY,收到Y的贈詩、文,directed,,,0.5,primary,textid=40303,438,P
94183,94160,SOCIAL,SO_GIFT_POETRY,收到Y的贈詩、文,directed,,,0.5,primary,textid=40303,438,P
94183,94227,SOCIAL,SO_GIFT_POETRY,贈詩、文,directed,,,0.5,primary,textid=40303,437,A
94183,94595,SOCIAL,SO_GIFT_POETRY,贈詩、文,directed,,,0.5,primary,textid=40303,437,A
94183,94717,SOCIAL,SO_GIFT_POETRY,贈詩、文,directed,,,0.5,primary,textid=40303,437,A
94227,3332,TEACHER_STUDENT,TS_STUDENT,學生為Y,directed,,,0.8,primary,textid=9602,23,P
94227,32980,SOCIAL,SO_GIFT_POETRY,收到Y的贈詩、文,directed,,,0.5,primary,textid=40303,438,P
94227,33589,SOCIAL,SO_GIFT_POETRY,收到Y的贈詩、文,directed,,,0.5,primary,textid=40303,438,P
94227,92047,SOCIAL,SO_GIFT_POETRY,收到Y的贈詩、文,directed,,,0.5,primary,textid=40303,438,P
94227,92147,KIN,K_OTHER,從弟,directed,,,0.7,primary,textid=24309,130,KIN
94227,94116,SOCIAL,SO_GIFT_POETRY,收到Y的贈詩、文,directed,,,0.5,primary,textid=40303,438,P
94227,94864,SOCIAL,SO_FRIEND,友,undirected,,,0.6,primary,textid=9602,9,M
94227,94864,SOCIAL,SO_GIFT_POETRY,贈詩、文,directed,,,0.5,primary,textid=40303,437,A
94271,3130,SOCIAL,SO_GIFT_POETRY,收到Y的贈詩、文,directed,,,0.5,primary,textid=40303,438,P
94271,11524,SOCIAL,SO_GIFT_POETRY,收到Y的贈詩、文,directed,,,0.5,primary,textid=40303,438,P
94271,20876,SOCIAL,SO_GIFT_POETRY,收到Y的贈詩、文,directed,,,0.5,primary,textid=40303,438,P
94271,32174,SOCIAL,SO_GIFT_POETRY,收到Y的贈詩、文,directed,,,0.5,primary,textid=40303,438,P
94271,33566,SOCIAL,SO_GIFT_POETRY,收到Y的贈詩、文,directed,,,0.5,primary,textid=40303,438,P
94412,17029,SOCIAL,SO_GIFT_POETRY,收到Y的贈詩、文,directed,,,0.5,primary,textid=40303,438,P
94575,17029,SOCIAL,SO_GIFT_POETRY,收到Y的贈詩、文,directed,,,0.5,primary,textid=40303,438,P
94575,94227,SOCIAL,SO_GIFT_POETRY,收到Y的贈詩、文,directed,,,0.5,primary,textid=40303,438,P
94595,3130,SOCIAL,SO_GIFT_POETRY,收到Y的贈詩、文,directed,,,0.5,primary,textid=40303,438,P
94595,19241,SOCIAL,SO_GIFT_POETRY,收到Y的贈詩、文,directed,,,0.5,primary,textid=40303,438,P
94595,32174,SOCIAL,SO_GIFT_POETRY,收到Y的贈詩、文,directed,,,0.5,primary,textid=40303,438,P
94595,33859,SOCIAL,SO_GIFT_POETRY,收到Y的贈詩、文,directed,,,0.5,primary,textid=40303,438,P
94595,93409,SOCIAL,SO_GIFT_POETRY,收到Y的贈詩、文,directed,,,0.5,primary,textid=40303,438,P
94595,93832,SOCIAL,SO_GIFT_POETRY,收到Y的贈詩、文,directed,,,0.5,primary,textid=40303,438,P
94595,95025,SOCIAL,SO_GIFT_POETRY,贈詩、文,directed,,,0.5,primary,textid=40303,437,A
94717,93246,SOCIAL,SO_GIFT_POETRY,收到Y的贈詩、文,directed,,,0.5,primary,textid=40303,438,P
94864,3915,SOCIAL,SO_GIFT_POETRY,收到Y的贈詩、文,directed,,,0.5,primary,textid=40303,438,P
94864,32227,SOCIAL,SO_GIFT_POETRY,收到Y的贈詩、文,directed,,,0.5,primary,textid=40303,438,P
94864,92047,SOCIAL,SO_GIFT_POETRY,收到Y的贈詩、文,directed,,,0.5,primary,textid=40303,438,P
94864,92147,SOCIAL,SO_GIFT_POETRY,收到Y的贈詩、文,directed,,,0.5,primary,textid=40303,438,P
95025,31275,LITERARY,LI_EPITAPH,墓誌銘由Y所作,directed,,,0.4,inferred,,43,P
95025,32889,LITERARY,LI_EPITAPH,墓誌銘由Y所作,directed,,,0.4,inferred,,43,P
95025,33859,SOCIAL,SO_GIFT_POETRY,收到Y的贈詩、文,directed,,,0.5,primary,textid=40303,438,P
95025,94595,SOCIAL,SO_GIFT_POETRY,收到Y的贈詩、文,directed,,,0.5,primary,textid=40303,438,P
95068,15161,SOCIAL,SO_GIFT_POETRY,收到Y的贈詩、文,directed,,,0.5,primary,textid=40303,438,P
95068,21751,SOCIAL,SO_GIFT_POETRY,收到Y的贈詩、文,directed,,,0.5,primary,textid=40303,438,P
95068,24654,SOCIAL,SO_GIFT_POETRY,收到Y的贈詩、文,directed,,,0.5,primary,textid=40303,438,P
95068,32248,SOCIAL,SO_GIFT_POETRY,收到Y的贈詩、文,directed,,,0.5,primary,textid=40303,438,P
95071,3915,SOCIAL,SO_GIFT_POETRY,收到Y的贈詩、文,directed,,,0.5,primary,textid=40303,438,P
95071,21194,SOCIAL,SO_GIFT_POETRY,收到Y的贈詩、文,directed,,,0.5,primary,textid=40303,438,P
95071,32227,SOCIAL,SO_GIFT_POETRY,收到Y的贈詩、文,directed,,,0.5,primary,textid=40303,438,P
95071,32248,SOCIAL,SO_GIFT_POETRY,收到Y的贈詩、文,directed,,,0.5,primary,textid=40303,438,P
95071,33606,SOCIAL,SO_GIFT_POETRY,收到Y的贈詩、文,directed,,,0.5,primary,textid=40303,438,P
95071,92147,SOCIAL,SO_GIFT_POETRY,收到Y的贈詩、文,directed,,,0.5,primary,textid=40303,438,P
95071,92673,SOCIAL,SO_GIFT_POETRY,收到Y的贈詩、文,directed,,,0.5,primary,textid=40303,438,P
95071,93080,SOCIAL,SO_GIFT_POETRY,收到Y的贈詩、文,directed,,,0.5,primary,textid=40303,438,P
95071,94227,SOCIAL,SO_GIFT_POETRY,收到Y的贈詩、文,directed,,,0.5,primary,textid=40303,438,P
95210,32248,SOCIAL,SO_GIFT_POETRY,收到Y的贈詩、文,directed,,,0.5,primary,textid=40303,438,P
95210,32248,KIN,K_OTHER,表兄弟,directed,,,0.7,primary,textid=9601,411,KIN
195105,30851,SOCIAL,SO_GIFT_POETRY,收到Y的贈詩、文,directed,,,0.5,primary,textid=40303,438,P
195105,31322,SOCIAL,SO_GIFT_POETRY,收到Y的贈詩、文,directed,,,0.5,primary,textid=40303,438,P
195105,32540,SOCIAL,SO_GIFT_POETRY,收到Y的贈詩、文,directed,,,0.5,primary,textid=40303,438,P
195105,93785,SOCIAL,SO_GIFT_POETRY,收到Y的贈詩、文,directed,,,0.5,primary,textid=40303,438,P
444817,447292,KIN,K_CHILD,女兒,directed,,,1.0,primary,舊唐書,176,KIN
447292,444817,KIN,K_PARENT,母,directed,,,1.0,primary,舊唐書,111,KIN
447419,36130,SOCIAL,SO_GIFT_POETRY,收到Y的贈詩、文,directed,,,0.5,primary,textid=40303,438,P
447419,92147,SOCIAL,SO_GIFT_POETRY,收到Y的贈詩、文,directed,,,0.5,primary,textid=40303,438,P
447419,94227,SOCIAL,SO_GIFT_POETRY,收到Y的贈詩、文,directed,,,0.5,primary,textid=40303,438,P
447567,15161,SOCIAL,SO_GIFT_POETRY,收到Y的贈詩、文,directed,,,0.5,primary,textid=40303,438,P
447567,21751,SOCIAL,SO_GIFT_POETRY,收到Y的贈詩、文,directed,,,0.5,primary,textid=40303,438,P
447567,32985,SOCIAL,SO_GIFT_POETRY,收到Y的贈詩、文,directed,,,0.5,primary,textid=40303,438,P
447567,33606,SOCIAL,SO_GIFT_POETRY,收到Y的贈詩、文,directed,,,0.5,primary,textid=40303,438,P
448874,33649,SOCIAL,SO_GIFT_POETRY,收到Y的贈詩、文,directed,,,0.5,primary,textid=40303,438,P
448874,93246,SOCIAL,SO_GIFT_POETRY,收到Y的贈詩、文,directed,,,0.5,primary,textid=40303,438,P
448874,94183,SOCIAL,SO_GIFT_POETRY,收到Y的贈詩、文,directed,,,0.5,primary,textid=40303,438,P
450316,94160,SOCIAL,SO_GIFT_POETRY,收到Y的贈詩、文,directed,,,0.5,primary,textid=40303,438,P
